y,ou,r;Y,AO,R;s; AO
s,u,b,j,e,c,t;S,AH,B,JH,EH,K,T;s; 
i;AY;s; AY
a;AH;s; 
g,e,n,t,l,e,m,a,n;JH,EH,N,T,AH,L,M,AH,N;s; 
b,o,r,n;B,AO,R,N;s; AO
i,n;IH,N;s; IH
a,n,d;AH,N,D;s; 
e,l,d,e,s,t;EH,L,D,AH,S,T;s; 
s,o,n;S,AO,̃;s; AO
a,s;AE,Z;s; AE
i;AY;s; AY
t,o;T,UW;s; UW
r,o,b,e,r,t;r,ɒ,B,ǝ,R,T;s; 
a;AH;s; 
b,y;B,AY;s; AY
th,e;DH,AH;s; 
o,f;AH,V;s; 
c,oeu,r;K,UW,R;s; UW
d,e;D,e;s; 
i,n;IH,N;s; IH
th,e;DH,AH;s; 
f,ie,l,d;F,IY,L,D;s; IY
m,o,s,t;M,OW,S,T;s; 
c,e,r,t,ai,n;S,ɐ,R,T,ǝ,N;s; 
o,f;AH,V;s; 
m,i,g,h,t,y;M,ǝ,IH,T,ǝ,IH;s; IH,IH
th,a,t;DH,AE,T;s; AE
i,s;IH,Z;s; IH
w,e,ll;W,EH,L;s; 
a,s;AE,Z;s; AE
i;AY;s; AY
th,i,n,k;TH,IH,NG,K;s; IH
b,u,t;B,AH,T;s; 
f,o,r;F,AO,R;s; AO
th,e;DH,AH;s; 
c,e,r,t,ai,n;S,ɐ,R,T,ǝ,N;s; 
o,f;AH,V;s; 
th,a,t;DH,AE,T;s; AE
t,r,u,th;T,R,UW,TH;s; UW
i;AY;s; AY
p,u,t;P,UH,T;s; UH
y,ou;Y,UW;s; UW
t,o;T,UW;s; UW
h,ea,v,e,n;HH,EH,V,AH,N;s; 
a,n,d;AH,N,D;s; 
t,o;T,UW;s; UW
m,y;M,AY;s; AY
o,f;AH,V;s; 
th,a,t;DH,AE,T;s; AE
i;AY;s; AY
d,ou,b,t;D,ǝ,UH,T;s; UH
a,s;AE,Z;s; AE
a,ll;AA,L;s; AA
ch,i,l,d,r,e,n;CH,IH,L,D,R,AH,N;s; IH
i;AY;s; AY
m,a,d,a,m;M,AE,D,AH,M;s; AE
n,o;N,OW;s; 
i;AY;s; AY
n,o;N,OW;s; 
r,ea,s,o,n;r,EH,Z,ǝ,N;s; 
f,o,r;F,AO,R;s; AO
i,t;IH,T;s; IH
th,a,t;DH,AE,T;s; AE
i,s;IH,Z;s; IH
m,y;M,AY;s; AY
p,l,ea;P,L,IY;s; IY
a,n,d;AH,N,D;s; 
o,f;AH,V;s; 
th,e;DH,AH;s; 
i,f;IH,F;s; IH
h,e;HH,IY;s; IY
c,a,n;K,AE,N;s; AE
h,e;HH,IY;s; IY
p,o,p,s;P,AA,P,S;s; AA
m,e;M,IY;s; IY
ou,t;AW,T;s; 
a,t;AE,T;s; AE
l,ea,s,t;L,IY,S,T;s; IY
f,r,o,m;F,R,AH,M;s; 
f,ai,r;F,EH,R;s; 
a;AH;s; 
y,ea,r;Y,IH,R;s; IH
h,ea,v,e,n;HH,EH,V,AH,N;s; 
g,ua,r,d;G,AA,R,D;s; AA
m,y;M,AY;s; AY
a,n,d;AH,N,D;s; 
m,y;M,AY;s; AY
l,a,n,d;L,AE,N,D;s; AE
i;AY;s; AY
n,o,t;N,AA,T;s; AA
wh,h,y;ʍ,ǝ,IH;s; IH
e,x,c,e,p,t;IH,K,S,EH,P,T;s; IH
t,o;T,UW;s; UW
g,e,t;G,EH,T;s; 
th,e;DH,AH;s; 
l,a,n,d;L,AE,N,D;s; AE
b,u,t;B,AH,T;s; 
h,e;HH,IY;s; IY
m,e;M,IY;s; IY
w,i,th;W,IH,DH;s; IH
b,u,t;B,AH,T;s; 
i;AY;s; AY
b,e;B,IY;s; IY
a,s;AE,Z;s; AE
t,r,ue;T,R,UW;s; UW
b,e,g,o,t;B,IY,G,AO,T;s; IY,AO
o,r;AO,R;s; AO
n,o;N,OW;s; 
th,a,t;DH,AE,T;s; AE
s,t,i,ll;S,T,IH,L;s; IH
i;AY;s; AY
u,p,o,n;AH,P,AA,N;s; AA
m,y;M,AY;s; AY
b,u,t;B,AH,T;s; 
th,a,t;DH,AE,T;s; AE
i;AY;s; AY
a,m;AE,M;s; AE
a,s;AE,Z;s; AE
w,e,ll;W,EH,L;s; 
b,e,g,o,t;B,IY,G,AO,T;s; IY,AO
m,y;M,AY;s; AY
f,ai,r;F,EH,R;s; 
f,a,ll;F,AA,L;s; AA
th,e;DH,AH;s; 
th,a,t;DH,AE,T;s; AE
t,oo,k;T,UH,K;s; UH
th,e;DH,AH;s; 
p,ai,n,s;P,EH,N,Z;s; 
f,o,r;F,AO,R;s; AO
m,e;M,IY;s; IY
ou,r;OW,R;s; 
f,a,c,e,s;F,EH,S,IH,Z;s; IH
a,n,d;AH,N,D;s; 
b,e;B,IY;s; IY
j,u,ge;JH,AH,JH;s; 
i,f;IH,F;s; IH
o,l,d;OW,L,D;s; 
r,o,b,e,r,t;r,ɒ,B,ǝ,R,T;s; 
d,i,d;D,IH,D;s; IH
b,e,g,e,t;B,IH,G,EH,T;s; IH
u,s;AH,S;s; 
b,o,th;B,OW,TH;s; 
a,n,d;AH,N,D;s; 
w,re;W,ER;s; 
ou,r;OW,R;s; 
a,n,d;AH,N,D;s; 
th,i,s;DH,IH,S;s; IH
s,o,n;S,AO,̃;s; AO
h,i,m;HH,IH,M;s; IH
o;OW;s; 
o,l,d;OW,L,D;s; 
r,o,b,e,r,t;r,ɒ,B,ǝ,R,T;s; 
o,n;AA,N;s; AA
m,y;M,AY;s; AY
i;AY;s; AY
h,ea,v,e,n;HH,EH,V,AH,N;s; 
th,a,n,k,s;TH,AE,NG,K,S;s; AE
i;AY;s; AY
w,a,s;W,AA,Z;s; AA
n,o,t;N,AA,T;s; AA
t,o;T,UW;s; UW
th,ee;DH,IY;s; IY
h,e;HH,IY;s; IY
h,a,th;HH,AE,TH;s; AE
a;AH;s; 
h,a,l,f,-,f,ce;AO,F,-,ˌ,F,EH,S;s; AO
m,y;M,AY;s; AY
w,i,th;W,IH,DH;s; IH
th,a,t;DH,AE,T;s; AE
h,e;HH,IY;s; IY
a,ll;AA,L;s; AA
m,y;M,AY;s; AY
l,a,n,d;L,AE,N,D;s; AE
a;AH;s; 
g,r,oa,t;G,R,OW,T;s; 
a;AH;s; 
y,ea,r;Y,IH,R;s; IH
w,e,ll;W,EH,L;s; 
b,y;B,AY;s; AY
th,i,s;DH,IH,S;s; IH
y,ou;Y,UW;s; UW
c,a,nn,o,t;K,AE,N,AA,T;s; AE,AA
g,e,t;G,EH,T;s; 
m,y;M,AY;s; AY
l,a,n,d;L,AE,N,D;s; AE
y,ou,r;Y,AO,R;s; AO
m,u,s,t;M,AH,S,T;s; 
b,e;B,IY;s; IY
h,e;HH,IY;s; IY
m,y;M,AY;s; AY
o,f;AH,V;s; 
n,o;N,OW;s; 
t,o;T,UW;s; UW
m,e;M,IY;s; IY
th,a,n;DH,AE,N;s; AE
w,a,s;W,AA,Z;s; AA
h,i,s;HH,IH,Z;s; IH
w,i,ll;W,IH,L;s; IH
t,o;T,UW;s; UW
g,e,t;G,EH,T;s; 
m,e;M,IY;s; IY
a,s;AE,Z;s; AE
i;AY;s; AY
th,i,n,k;TH,IH,NG,K;s; IH
m,a,d,a,m;M,AE,D,AH,M;s; AE
a,n;AE,N;s; AE
i,f;IH,F;s; IH
m,y;M,AY;s; AY
h,a,d;HH,AE,D;s; AE
m,y;M,AY;s; AY
a,n,d;AH,N,D;s; 
i;AY;s; AY
h,a,d;HH,AE,D;s; AE
h,i,s;HH,IH,Z;s; IH
h,i,s;HH,IH,Z;s; IH
h,i,m;HH,IH,M;s; IH
a,n,d;AH,N,D;s; 
i,f;IH,F;s; IH
m,y;M,AY;s; AY
l,e,g,s;L,EH,G,Z;s; 
w,re;W,ER;s; 
m,y;M,AY;s; AY
a,r,m,s;AA,R,M,Z;s; AA
m,y;M,AY;s; AY
s,o;S,OW;s; 
th,i,n;TH,IH,N;s; IH
th,a,t;DH,AE,T;s; AE
i,n;IH,N;s; IH
ea,r;IY,R;s; IY
i;AY;s; AY
n,o,t;N,AA,T;s; AA
s,t,i,ck;S,T,IH,K;s; IH
a;AH;s; 
l,e,s,t;L,EH,S,T;s; 
m,e,n;M,EH,N;s; 
l,oo,k;L,UH,K;s; UH
g,oe,s;G,OW,Z;s; 
a,n,d;AH,N,D;s; 
t,o;T,UW;s; UW
h,i,s;HH,IH,Z;s; IH
w,re;W,ER;s; 
t,o;T,UW;s; UW
a,ll;AA,L;s; AA
th,i,s;DH,IH,S;s; IH
l,a,n,d;L,AE,N,D;s; AE
i;AY;s; AY
n,e,v,e,r;N,e,V,ǝ,R;s; 
s,t,i,r;S,T,ɐ,R;s; 
f,r,o,m;F,R,AH,M;s; 
o,ff;AO,F;s; AO
th,i,s;DH,IH,S;s; IH
i;AY;s; AY
i,t;IH,T;s; IH
e,v,e,r,y;e,V,r,ǝ,IH;s; IH
f,oo,t;F,UH,T;s; UH
t,o;T,UW;s; UW
th,i,s;DH,IH,S;s; IH
i;AY;s; AY
n,o,t;N,AA,T;s; AA
b,e;B,IY;s; IY
i,n;IH,N;s; IH
y,ou;Y,UW;s; UW
m,y;M,AY;s; AY
l,a,n,d;L,AE,N,D;s; AE
m,y;M,AY;s; AY
y,ou,r;Y,AO,R;s; AO
h,a,th;HH,AE,TH;s; AE
g,o,t;G,AA,T;s; AA
a;AH;s; 
y,ea,r;Y,IH,R;s; IH
y,e,t;Y,EH,T;s; 
s,e,ll;S,EH,L;s; 
y,ou,r;Y,AO,R;s; AO
f,o,r;F,AO,R;s; AO
a,n,d;AH,N,D;s; 
d,ea,r;D,IY,R;s; IY
m,a,d,a,m;M,AE,D,AH,M;s; AE
y,ou;Y,UW;s; UW
u,n,t,o;AH,N,T,UW;s; UW
th,e;DH,AH;s; 
d,ea,th;D,EH,TH;s; 
ou,r;OW,R;s; 
c,ou,n,t,r,y;K,AH,N,T,R,IY;s; IY
ou,r;OW,R;s; 
b,e,tt,e,r,s;B,e,T,ə,R,Z;s; 
m,y;M,AY;s; AY
s,o;S,OW;s; 
i,s;IH,Z;s; IH
m,y;M,AY;s; AY
b,e,g,u,n;B,IH,G,AH,N;s; IH
g,oo,d;G,UH,D;s; UH
o,l,d;OW,L,D;s; 
e,l,d,e,s,t;EH,L,D,AH,S,T;s; 
s,o,n;S,AO,̃;s; AO
b,y;B,AY;s; AY
m,e;M,IY;s; IY
y,ou,r;Y,AO,R;s; AO
m,y;M,AY;s; AY
m,e;M,IY;s; IY
y,ou,r,s;Y,UH,R,Z;s; UH
l,a,n,d;L,AE,N,D;s; AE
b,e;B,IY;s; IY
th,e;DH,AH;s; 
b,y;B,AY;s; AY
o,r;AO,R;s; AO
wh,e,n;ʍ,e,N;s; 
i;AY;s; AY
w,a,s;W,AA,Z;s; AA
g,o,t;G,AA,T;s; AA
r,o,b,e,r,t;r,ɒ,B,ǝ,R,T;s; 
w,a,s;W,AA,Z;s; AA
m,a,d,a,m;M,AE,D,AH,M;s; AE
b,y;B,AY;s; AY
b,u,t;B,AH,T;s; 
n,o,t;N,AA,T;s; AA
b,y;B,AY;s; AY
t,r,u,th;T,R,UW,TH;s; UW
wh,a,t;W,AH,T;s; 
a;AH;s; 
f,r,o,m;F,R,AH,M;s; 
th,e;DH,AH;s; 
i,n;IH,N;s; IH
a,t;AE,T;s; AE
th,e;DH,AH;s; 
o,r;AO,R;s; AO
th,e;DH,AH;s; 
wh,o;HH,UW;s; UW
n,o,t;N,AA,T;s; AA
s,t,i,r;S,T,ɐ,R;s; 
b,y;B,AY;s; AY
m,u,s,t;M,AH,S,T;s; 
b,y;B,AY;s; AY
a,n,d;AH,N,D;s; 
i,s;IH,Z;s; IH
m,e,n;M,EH,N;s; 
d,o;D,OW;s; 
n,ea,r;N,IY,R;s; IY
o,r;AO,R;s; AO
f,a,r;F,AA,R;s; AA
o,ff;AO,F;s; AO
w,e,ll;W,EH,L;s; 
w,o,n;W,ɤ,N;s; 
i,s;IH,Z;s; IH
s,t,i,ll;S,T,IH,L;s; IH
w,e,ll;W,EH,L;s; 
sh,o,t;SH,AA,T;s; AA
a,n,d;AH,N,D;s; 
i;AY;s; AY
a,m;AE,M;s; AE
i;AY;s; AY
i;AY;s; AY
w,a,s;W,AA,Z;s; AA
b,e,g,o,t;B,IY,G,AO,T;s; IY,AO
a,d,ieu;AH,D,UW;s; UW
g,oo,d;G,UH,D;s; UH
t,o;T,UW;s; UW
th,ee;DH,IY;s; IY
f,o,r;F,AO,R;s; AO
th,ou;DH,AW;s; 
g,o,t;G,AA,T;s; AA
o,f;AH,V;s; 
a;AH;s; 
f,oo,t;F,UH,T;s; UH
o,f;AH,V;s; 
b,e,tt,e,r;B,e,T,ə,R;s; 
th,a,n;DH,AE,N;s; AE
i;AY;s; AY
w,a,s;W,AA,Z;s; AA
b,u,t;B,AH,T;s; 
a;AH;s; 
f,oo,t;F,UH,T;s; UH
o,f;AH,V;s; 
l,a,n,d;L,AE,N,D;s; AE
th,e;DH,AH;s; 
w,e,ll;W,EH,L;s; 
c,a,n;K,AE,N;s; AE
i;AY;s; AY
a;AH;s; 
l,a,d,y;L,EY,D,IY;s; EY,IY
g,oo,d;G,UH,D;s; UH
d,e,n;D,EH,N;s; 
a,n;AE,N;s; AE
i,f;IH,F;s; IH
h,i,s;HH,IH,Z;s; IH
b,e;B,IY;s; IY
c,a,ll;K,AO,L;s; AO
h,i,m;HH,IH,M;s; IH
f,o,r;F,AO,R;s; AO
d,o,th;D,AO,TH;s; AO
t,oo;T,UW;s; UW
a,n,d;AH,N,D;s; 
t,oo;T,UW;s; UW
f,o,r;F,AO,R;s; AO
y,ou,r;Y,AO,R;s; AO
y,ou,r;Y,AO,R;s; AO
h,e;HH,IY;s; IY
a,n,d;AH,N,D;s; 
h,i,s;HH,IH,Z;s; IH
a,t;AE,T;s; AE
m,y;M,AY;s; AY
m,e,ss;M,EH,S;s; 
a,n,d;AH,N,D;s; 
wh,e,n;ʍ,e,N;s; 
m,y;M,AY;s; AY
s,t,o,m,a,ch;S,T,AH,M,AH,K;s; 
i,s;IH,Z;s; IH
s,u,ff,i,c,e,d;S,ǝ,F,ǝ,IH,S,T;s; IH
wh,h,y;ʍ,ǝ,IH;s; IH
th,e,n;DH,EH,N;s; 
i;AY;s; AY
s,u,ck;S,ɤ,K;s; 
m,y;M,AY;s; AY
t,ee,th;T,IY,TH;s; IY
a,n,d;AH,N,D;s; 
m,y;M,AY;s; AY
m,a,n;M,AE,N;s; AE
o,f;AH,V;s; 
c,ou,n,t,r,ie,s;K,AH,N,T,R,IY,Z;s; IY
m,y;M,AY;s; AY
d,ea,r;D,IY,R;s; IY
th,u,s;DH,ɤ,S;s; 
o,n;AA,N;s; AA
i;AY;s; AY
b,e,g,i,n;B,IH,G,IH,N;s; IH,IH
i;AY;s; AY
sh,a,ll;SH,AE,L;s; AE
b,e,s,ee,ch;B,IY,S,IY,CH;s; IY,IY
i,s;IH,Z;s; IH
a,n,d;AH,N,D;s; 
th,e,n;DH,EH,N;s; 
a,n;AE,N;s; AE
o;OW;s; 
a,t;AE,T;s; AE
y,ou,r;Y,AO,R;s; AO
b,e,s,t;B,EH,S,T;s; 
c,o,mm,a,n,d;K,ǝ,M,AW,N,D;s; 
a,t;AE,T;s; AE
y,ou,r;Y,AO,R;s; AO
e,m,p,l,o,y,m,e,n,t;e,M,P,L,ǝ,IH,M,ǝ,N,T;s; IH
a,t;AE,T;s; AE
y,ou,r;Y,AO,R;s; AO
n,o;N,OW;s; 
i;AY;s; AY
s,w,ee,t;S,W,IY,T;s; IY
a,t;AE,T;s; AE
y,ou,r,s;Y,UH,R,Z;s; UH
a,n,d;AH,N,D;s; 
s,o;S,OW;s; 
wh,a,t;W,AH,T;s; 
i,n;IH,N;s; IH
d,ia,l,o,g,ue;D,AY,AH,L,AO,G;s; AY,AO
o,f;AH,V;s; 
c,o,m,p,l,i,m,e,n,t;K,AA,M,P,L,AH,M,EH,N,T;s; AA
a,n,d;AH,N,D;s; 
o,f;AH,V;s; 
th,e;DH,AH;s; 
a,l,p,s;AE,L,P,S;s; AE
a,n,d;AH,N,D;s; 
th,e;DH,AH;s; 
a,n,d;AH,N,D;s; 
th,e;DH,AH;s; 
r,i,v,e,r;r,IH,V,ǝ,R;s; IH
p,o;P,OW;s; 
i,t;IH,T;s; IH
s,u,pp,e,r;S,ɤ,P,ǝ,R;s; 
i,n;IH,N;s; IH
c,o,n,c,l,u,s,io,n;K,AH,N,K,L,UW,ZH,AH,N;s; UW
s,o;S,OW;s; 
b,u,t;B,AH,T;s; 
th,i,s;DH,IH,S;s; IH
i,s;IH,Z;s; IH
a,n,d;AH,N,D;s; 
f,i,t,s;F,IH,T,S;s; IH
th,e;DH,AH;s; 
m,ou,n,t,i,n,g;M,ǝ,UH,N,T,IH,N;s; UH,IH
s,p,i,r,i,t;S,P,IH,R,AH,T;s; IH
m,y,s,e,l,f;M,AY,S,EH,L,F;s; AY
f,o,r;F,AO,R;s; AO
h,e;HH,IY;s; IY
i,s;IH,Z;s; IH
b,u,t;B,AH,T;s; 
a;AH;s; 
t,o;T,UW;s; UW
th,e;DH,AH;s; 
th,a,t;DH,AE,T;s; AE
d,o,th;D,AO,TH;s; AO
n,o,t;N,AA,T;s; AA
s,m,a,ck;S,M,AE,K;s; AE
o,f;AH,V;s; 
a,n,d;AH,N,D;s; 
s,o;S,OW;s; 
a,m;AE,M;s; AE
i;AY;s; AY
i;AY;s; AY
s,m,a,ck;S,M,AE,K;s; AE
o,r;AO,R;s; AO
n,o;N,OW;s; 
a,n,d;AH,N,D;s; 
n,o,t;N,AA,T;s; AA
i,n;IH,N;s; IH
h,a,b,i,t;HH,AE,B,AH,T;s; AE
a,n,d;AH,N,D;s; 
f,o,r,m;F,AO,R,M;s; AO
b,u,t;B,AH,T;s; 
f,r,o,m;F,R,AH,M;s; 
th,e;DH,AH;s; 
i,n,w,a,r,d;IH,N,W,ǝ,R,D;s; IH
t,o;T,UW;s; UW
d,e,l,i,v,e,r;D,IH,L,IH,V,ǝ,R;s; IH,IH
s,w,ee,t;S,W,IY,T;s; IY
s,w,ee,t;S,W,IY,T;s; IY
s,w,ee,t;S,W,IY,T;s; IY
f,o,r;F,AO,R;s; AO
th,e;DH,AH;s; 
t,oo,th;T,UH,TH;s; UH
i;AY;s; AY
w,i,ll;W,IH,L;s; IH
n,o,t;N,AA,T;s; AA
t,o;T,UW;s; UW
y,e,t;Y,EH,T;s; 
t,o;T,UW;s; UW
d,e,c,ei,t;D,AH,S,IY,T;s; IY
i;AY;s; AY
m,ea,n;M,IY,N;s; IY
t,o;T,UW;s; UW
f,o,r;F,AO,R;s; AO
i,t;IH,T;s; IH
sh,a,ll;SH,AE,L;s; AE
th,e;DH,AH;s; 
f,oo,t,s,t,e,p,s;F,UH,T,S,T,EH,P,S;s; UH
o,f;AH,V;s; 
m,y;M,AY;s; AY
r,i,s,i,n,g;r,ǝ,IH,Z,IH,N;s; IH,IH
b,u,t;B,AH,T;s; 
wh,o;HH,UW;s; UW
i,n;IH,N;s; IH
h,a,te;AW,S,T;s; 
i,n;IH,N;s; IH
r,i,d,i,n,g;r,ǝ,IH,D,IH,N;s; IH,IH
wh,a,t;W,AH,T;s; 
w,o,m,a,n;W,UH,M,AH,N;s; UH
p,o,s,t;P,OW,S,T;s; 
i,s;IH,Z;s; IH
th,i,s;DH,IH,S;s; IH
h,a,th;HH,AE,TH;s; AE
sh,e;SH,IY;s; IY
n,o;N,OW;s; 
th,a,t;DH,AE,T;s; AE
w,i,ll;W,IH,L;s; IH
p,ai,n,s;P,EH,N,Z;s; 
t,o;T,UW;s; UW
a;AH;s; 
h,o,r,n;HH,AO,R,N;s; AO
o;OW;s; 
m,e;M,IY;s; IY
m,y;M,AY;s; AY
g,oo,d;G,UH,D;s; UH
l,a,d,y;L,EY,D,IY;s; EY,IY
wh,a,t;W,AH,T;s; 
y,ou;Y,UW;s; UW
t,o;T,UW;s; UW
c,ou,r,t;K,AO,R,T;s; AO
s,o;S,OW;s; 
h,a,s,t,i,l,y;HH,EY,S,T,AH,L,IY;s; EY,IY
m,y;M,AY;s; AY
r,o,b,e,r,t;r,ɒ,B,ǝ,R,T;s; 
o,l,d;OW,L,D;s; 
s,o,n;S,AO,̃;s; AO
th,e;DH,AH;s; 
th,a,t;DH,AE,T;s; AE
m,i,g,h,t,y;M,ǝ,IH,T,ǝ,IH;s; IH,IH
m,a,n;M,AE,N;s; AE
i,s;IH,Z;s; IH
i,t;IH,T;s; IH
s,o,n;S,AO,̃;s; AO
th,a,t;DH,AE,T;s; AE
y,ou;Y,UW;s; UW
s,ee,k;S,IY,K;s; IY
s,o;S,OW;s; 
j,a,m,e,s;D,ZH,EH,M,S;s; 
g,u,r,n,e,y;G,UW,R,N,ǝ,IH;s; UW,IH
w,i,l,t;W,IH,L,T;s; IH
th,ou;DH,AW;s; 
u,s;AH,S;s; 
j,a,m,e,s;D,ZH,EH,M,S;s; 
a,b,r,oa,d;AH,B,R,AO,D;s; AO
t,e,ll;T,EH,L;s; 
th,ee;DH,IY;s; IY
m,a,d,a,m;M,AE,D,AH,M;s; AE
i;AY;s; AY
w,a,s;W,AA,Z;s; AA
n,o,t;N,AA,T;s; AA
o,l,d;OW,L,D;s; 
s,o,n;S,AO,̃;s; AO
r,o,b,e,r,t;r,ɒ,B,ǝ,R,T;s; 
ea,t;IY,T;s; IY
h,i,s;HH,IH,Z;s; IH
p,a,r,t;P,AA,R,T;s; AA
i,n;IH,N;s; IH
m,e;M,IY;s; IY
u,p,o,n;AH,P,AA,N;s; AA
g,oo,d;G,UH,D;s; UH
f,r,i,d,a,y;F,r,ǝ,IH,D,EH;s; IH
a,n,d;AH,N,D;s; 
h,i,s;HH,IH,Z;s; IH
f,a,s,t;F,AW,S,T;s; 
r,o,b,e,r,t;r,ɒ,B,ǝ,R,T;s; 
d,o;D,OW;s; 
t,o;T,UW;s; UW
c,o,n,f,e,ss;K,AH,N,F,EH,S;s; 
h,e;HH,IY;s; IY
g,e,t;G,EH,T;s; 
m,e;M,IY;s; IY
r,o,b,e,r,t;r,ɒ,B,ǝ,R,T;s; 
n,o,t;N,AA,T;s; AA
d,o;D,OW;s; 
i,t;IH,T;s; IH
w,e;W,IY;s; IY
h,i,s;HH,IH,Z;s; IH
th,e,r,e,f,re;DH,EH,R,F,AO,R;s; AO
g,oo,d;G,UH,D;s; UH
t,o;T,UW;s; UW
wh,o,m;HH,UW,M;s; UW
a,m;AE,M;s; AE
i;AY;s; AY
f,o,r;F,AO,R;s; AO
r,o,b,e,r,t;r,ɒ,B,ǝ,R,T;s; 
n,e,v,e,r;N,e,V,ǝ,R;s; 
t,o;T,UW;s; UW
th,i,s;DH,IH,S;s; IH
l,e,g;L,EH,G;s; 
g,oo,d;G,UH,D;s; UH
wh,a,t;W,AH,T;s; 
i;AY;s; AY
a,m;AE,M;s; AE
i;AY;s; AY
i,t;IH,T;s; IH
o,n;AA,N;s; AA
m,y;M,AY;s; AY
sh,ou,l,d,e,r;SH,OW,L,D,ǝ,R;s; 
b,u,t;B,AH,T;s; 
i;AY;s; AY
a,m;AE,M;s; AE
n,o,t;N,AA,T;s; AA
s,o,n;S,AO,̃;s; AO
i;AY;s; AY
r,o,b,e,r,t;r,ɒ,B,ǝ,R,T;s; 
a,n,d;AH,N,D;s; 
m,y;M,AY;s; AY
l,a,n,d;L,AE,N,D;s; AE
a,n,d;AH,N,D;s; 
a,ll;AA,L;s; AA
i,s;IH,Z;s; IH
th,e,n;DH,EH,N;s; 
g,oo,d;G,UH,D;s; UH
m,y;M,AY;s; AY
l,e,t;L,EH,T;s; 
m,e;M,IY;s; IY
m,y;M,AY;s; AY
m,a,n;M,AE,N;s; AE
i;AY;s; AY
wh,o;HH,UW;s; UW
w,a,s;W,AA,Z;s; AA
i,t;IH,T;s; IH
a,s;AE,Z;s; AE
a,s;AE,Z;s; AE
i;AY;s; AY
th,e;DH,AH;s; 
d,e,v,i,l;D,IH,V,ǝ,L;s; IH
b,y;B,AY;s; AY
th,i,s;DH,IH,S;s; IH
w,re;W,ER;s; 
i;AY;s; AY
t,o;T,UW;s; UW
g,e,t;G,EH,T;s; 
a,g,ai,n;ǝ,ɡ,EH,N;s; 
m,a,d,a,m;M,AE,D,AH,M;s; AE
i;AY;s; AY
n,o,t;N,AA,T;s; AA
w,i,sh;W,IH,SH;s; IH
a;AH;s; 
b,e,tt,e,r;B,e,T,ə,R;s; 
s,i,n,s;S,IH,N,Z;s; IH
d,o;D,OW;s; 
b,ea,r;B,EH,R;s; 
th,ei,r;DH,EH,R;s; 
o,n;AA,N;s; AA
a,n,d;AH,N,D;s; 
s,o;S,OW;s; 
d,o,th;D,AO,TH;s; AO
y,ou,r,s;Y,UH,R,Z;s; UH
y,ou,r;Y,AO,R;s; AO
f,au,l,t;F,AO,L,T;s; AO
w,a,s;W,AA,Z;s; AA
n,o,t;N,AA,T;s; AA
y,ou,r;Y,AO,R;s; AO
f,o,ll,l,y;F,ɒ,L,ǝ,IH;s; IH
n,ee,d,s;N,IY,D,Z;s; IY
m,u,s,t;M,AH,S,T;s; 
y,ou;Y,UW;s; UW
y,ou,r;Y,AO,R;s; AO
h,ea,r,t;HH,AA,R,T;s; AA
a,t;AE,T;s; AE
h,i,s;HH,IH,Z;s; IH
t,o;T,UW;s; UW
a,g,ai,n,s,t;AH,G,EH,N,S,T;s; 
a,n,d;AH,N,D;s; 
th,e;DH,AH;s; 
n,o,t;N,AA,T;s; AA
th,e;DH,AH;s; 
n,o,r;N,AO,R;s; AO
k,ee,p;K,IY,P;s; IY
h,i,s;HH,IH,Z;s; IH
p,r,i,n,c,e,l,y;P,r,IH,N,S,L,ǝ,IH;s; IH,IH
h,ea,r,t;HH,AA,R,T;s; AA
f,r,o,m;F,R,AH,M;s; 
h,e;HH,IY;s; IY
th,a,t;DH,AE,T;s; AE
p,e,r,f,o,ce;P,ER,F,AO,R,S;s; AO
r,o,b,s;R,AA,B,Z;s; AA
o,f;AH,V;s; 
th,ei,r;DH,EH,R;s; 
h,ea,r,t,s;HH,AA,R,T,S;s; AA
ea,s,i,l,y;IY,Z,L,ǝ,IH;s; IY,IH
w,i,n;W,IH,N;s; IH
a;AH;s; 
m,y;M,AY;s; AY
w,i,th;W,IH,DH;s; IH
a,ll;AA,L;s; AA
m,y;M,AY;s; AY
h,ea,r,t;HH,AA,R,T;s; AA
i;AY;s; AY
th,a,n,k;TH,AE,NG,K;s; AE
th,ee;DH,IY;s; IY
f,o,r;F,AO,R;s; AO
m,y;M,AY;s; AY
wh,o;HH,UW;s; UW
a,n,d;AH,N,D;s; 
b,u,t;B,AH,T;s; 
th,ou;DH,AW;s; 
n,o,t;N,AA,T;s; AA
w,e,ll;W,EH,L;s; 
wh,e,n;ʍ,e,N;s; 
i;AY;s; AY
w,a,s;W,AA,Z;s; AA
g,o,t;G,AA,T;s; AA
s,e,n,d;S,EH,N,D;s; 
h,i,s;HH,IH,Z;s; IH
s,ou,l;S,OW,L;s; 
t,o;T,UW;s; UW
l,a,d,y;L,EY,D,IY;s; EY,IY
i;AY;s; AY
w,i,ll;W,IH,L;s; IH
th,ee;DH,IY;s; IY
t,o;T,UW;s; UW
m,y;M,AY;s; AY
k,i,n;K,IH,N;s; IH
a,n,d;AH,N,D;s; 
sh,a,ll;SH,AE,L;s; AE
wh,e,n;ʍ,e,N;s; 
m,e;M,IY;s; IY
b,e,g,o,t;B,IY,G,AO,T;s; IY,AO
i,f;IH,F;s; IH
th,ou;DH,AW;s; 
s,ai,d;S,EH,D;s; 
h,i,m;HH,IH,M;s; IH
i,t;IH,T;s; IH
h,a,d;HH,AE,D;s; AE
b,ee,n;B,IH,N;s; IH
s,i,n;S,IH,N;s; IH
wh,o;HH,UW;s; UW
i,t;IH,T;s; IH
w,a,s;W,AA,Z;s; AA
h,e;HH,IY;s; IY
i;AY;s; AY
n,o,t;N,AA,T;s; AA
th,e;DH,AH;s; 
th,a,t;DH,AE,T;s; AE
w,i,ll;W,IH,L;s; IH
th,e;DH,AH;s; 
d,e,v,i,l;D,IH,V,ǝ,L;s; IH
w,i,th;W,IH,DH;s; IH
y,ou;Y,UW;s; UW
a,n;AE,N;s; AE
h,e;HH,IY;s; IY
y,ou,r;Y,AO,R;s; AO
a,n,d;AH,N,D;s; 
y,ou;Y,UW;s; UW
y,ou;Y,UW;s; UW
th,e;DH,AH;s; 
h,re;EH,R;s; 
o,f;AH,V;s; 
wh,o,m;HH,UW,M;s; UW
th,e;DH,AH;s; 
p,r,o,v,e,r,b;P,r,ɒ,V,ǝ,R,B;s; 
g,oe,s;G,OW,Z;s; 
d,ea,d;D,EH,D;s; 
b,y;B,AY;s; AY
th,e;DH,AH;s; 
b,ea,r,d;B,EH,R,D;s; 
y,ou,r;Y,AO,R;s; AO
a,n;AE,N;s; AE
i;AY;s; AY
y,ou;Y,UW;s; UW
l,oo,k;L,UH,K;s; UH
t,o;T,UW;s; UW
f,ai,th;F,EY,TH;s; EY
i;AY;s; AY
w,i,ll;W,IH,L;s; IH
f,ai,th;F,EY,TH;s; EY
i,t;IH,T;s; IH
a,s;AE,Z;s; AE
o,n;AA,N;s; AA
th,e;DH,AH;s; 
b,a,ck;B,AE,K;s; AE
o,f;AH,V;s; 
h,i,m;HH,IH,M;s; IH
a,s;AE,Z;s; AE
g,r,ea,t;G,r,e,T;s; 
sh,oe,s;SH,UW,Z;s; UW
u,p,o,n;AH,P,AA,N;s; AA
a,n;AE,N;s; AE
a,ss;AE,S;s; AE
b,u,t;B,AH,T;s; 
a,ss;AE,S;s; AE
th,a,t;DH,AE,T;s; AE
b,u,r,d,e,n;B,ɐ,R,DH,ə,N;s; 
f,r,o,m;F,R,AH,M;s; 
y,ou,r;Y,AO,R;s; AO
b,a,ck;B,AE,K;s; AE
o,r;AO,R;s; AO
o,n;AA,N;s; AA
th,a,t;DH,AE,T;s; AE
sh,a,ll;SH,AE,L;s; AE
y,ou,r;Y,AO,R;s; AO
c,r,a,ck;K,R,AE,K;s; AE
a,n,d;AH,N,D;s; 
t,oo;T,UW;s; UW
s,ai,n,t;S,EY,N,T;s; EY
th,a,t;DH,AE,T;s; AE
th,e;DH,AH;s; 
d,r,a,g,o,n;D,R,AE,G,AH,N;s; AE
a,n,d;AH,N,D;s; 
s,i,t,s;S,IH,T,S;s; IH
o,n;AA,N;s; AA
',s;EH,S;s; 
a,t;AE,T;s; AE
d,oo,r;D,AO,R;s; AO
t,ea,ch;T,IY,CH;s; IY
u,s;AH,S;s; 
w,re;W,ER;s; 
i;AY;s; AY
a,t;AE,T;s; AE
h,me;OW,M;s; 
a,t;AE,T;s; AE
y,ou,r;Y,AO,R;s; AO
d,e,n;D,EH,N;s; 
w,i,th;W,IH,DH;s; IH
y,ou,r;Y,AO,R;s; AO
i;AY;s; AY
s,e,t;S,EH,T;s; 
a,n;AE,N;s; AE
t,o;T,UW;s; UW
y,ou,r;Y,AO,R;s; AO
l,io,n,',s;L,AY,AH,N,Z;s; AY
a,n,d;AH,N,D;s; 
a;AH;s; 
m,o,n,s,t,e,r;M,ɒ,N,S,T,ǝ,R;s; 
o,f;AH,V;s; 
y,ou;Y,UW;s; UW
o;OW;s; 
f,o,r;F,AO,R;s; AO
y,ou;Y,UW;s; UW
th,e;DH,AH;s; 
r,oa,r;r,AO,R;s; AO
s,p,ee,d;S,P,IY,D;s; IY
th,e,n;DH,EH,N;s; 
t,o;T,UW;s; UW
o,f;AH,V;s; 
th,e;DH,AH;s; 
f,ie,l,d;F,IY,L,D;s; IY
m,a,j,e,s,t,y;M,AE,JH,AH,S,T,IY;s; AE,IY
wh,e,n;ʍ,e,N;s; 
th,e;DH,AH;s; 
r,i,ch;R,IH,CH;s; IH
b,l,oo,d;B,L,AH,D;s; 
o,f;AH,V;s; 
i,s;IH,Z;s; IH
s,e,t;S,EH,T;s; 
o,n;AA,N;s; AA
o;OW;s; 
d,o,th;D,AO,TH;s; AO
d,ea,th;D,EH,TH;s; 
h,i,s;HH,IH,Z;s; IH
d,ea,d;D,EH,D;s; 
ch,a,p,s;CH,AE,P,S;s; AE
w,i,th;W,IH,DH;s; IH
s,t,ee,l;S,T,IY,L;s; IY
th,e;DH,AH;s; 
o,f;AH,V;s; 
h,i,s;HH,IH,Z;s; IH
t,ee,th;T,IY,TH;s; IY
h,i,s;HH,IH,Z;s; IH
a,n,d;AH,N,D;s; 
h,e;HH,IY;s; IY
f,ea,s,t,s;F,e,S,T,S;s; 
m,ou,s,i,n,g;M,ǝ,UH,S,IH,N;s; UH,IH
th,e;DH,AH;s; 
f,l,e,sh;F,L,EH,SH;s; 
o,f;AH,V;s; 
m,e,n;M,EH,N;s; 
i,n;IH,N;s; IH
o,f;AH,V;s; 
wh,h,y;ʍ,ǝ,IH;s; IH
s,t,a,n,d;S,T,AE,N,D;s; AE
f,r,o,n,t,s;F,r,ɤ,N,T,S;s; 
th,u,s;DH,ɤ,S;s; 
h,a,v,o,c;HH,AE,V,AH,K;s; AE
b,a,ck;B,AE,K;s; AE
t,o;T,UW;s; UW
th,e;DH,AH;s; 
f,ie,l,d;F,IY,L,D;s; IY
y,ou;Y,UW;s; UW
s,p,i,r,i,t,s;S,P,IH,R,AH,T,S;s; IH
th,e,n;DH,EH,N;s; 
l,e,t;L,EH,T;s; 
o,f;AH,V;s; 
p,a,r,t;P,AA,R,T;s; AA
th,e;DH,AH;s; 
t,i,ll;T,IH,L;s; IH
th,e,n;DH,EH,N;s; 
b,l,oo,d;B,L,AH,D;s; 
a,n,d;AH,N,D;s; 
d,ea,th;D,EH,TH;s; 
b,y;B,AY;s; AY
h,ea,v,e,n;HH,EH,V,AH,N;s; 
o,f;AH,V;s; 
y,ou;Y,UW;s; UW
a,n,d;AH,N,D;s; 
s,t,a,n,d;S,T,AE,N,D;s; AE
s,e,c,u,r,e,l,y;S,IH,K,Y,UH,R,L,IY;s; IH,UH,IY
o,n;AA,N;s; AA
th,ei,r;DH,EH,R;s; 
a,s;AE,Z;s; AE
i,n;IH,N;s; IH
a;AH;s; 
th,ea,t,e,r;TH,IY,AH,T,ER;s; IY
a,n,d;AH,N,D;s; 
a,t;AE,T;s; AE
y,ou,r;Y,AO,R;s; AO
i,n,d,u,s,t,r,iou,s;IH,N,D,ɤ,S,T,r,IH,ǝ;s; IH,IH
a,n,d;AH,N,D;s; 
a,c,t,s;AE,K,T,S;s; AE
o,f;AH,V;s; 
d,ea,th;D,EH,TH;s; 
y,ou,r;Y,AO,R;s; AO
p,r,e,s,e,n,c,e,s;P,R,EH,Z,AH,N,S,IH,Z;s; IH
b,e;B,IY;s; IY
b,y;B,AY;s; AY
m,e;M,IY;s; IY
d,o;D,OW;s; 
th,e;DH,AH;s; 
o,f;AH,V;s; 
b,e;B,IY;s; IY
f,r,ie,n,d,s;F,R,EH,N,D,Z;s; 
a,n,d;AH,N,D;s; 
b,o,th;B,OW,TH;s; 
b,e,n,d;B,EH,N,D;s; 
y,ou,r;Y,AO,R;s; AO
sh,a,r,p,e,s,t;SH,AA,R,P,ǝ,S,T;s; AA
d,ee,d,s;D,IY,D,Z;s; IY
o,f;AH,V;s; 
o,n;AA,N;s; AA
th,i,s;DH,IH,S;s; IH
b,y;B,AY;s; AY
ea,s,t;e,S,T;s; 
a,n,d;AH,N,D;s; 
w,e,s,t;W,EH,S,T;s; 
l,e,t;L,EH,T;s; 
a,n,d;AH,N,D;s; 
e,n,g,l,a,n,d;IH,NG,G,L,AH,N,D;s; IH
th,ei,r;DH,EH,R;s; 
c,a,nn,o,n;K,AE,N,AH,N;s; AE
t,o;T,UW;s; UW
th,e;DH,AH;s; 
t,i,ll;T,IH,L;s; IH
th,ei,r;DH,EH,R;s; 
s,ou,l,-,f,ea,r,i,n,g;ˌ,S,OW,L,-,F,IY,r,IH,N;s; IY,IH
d,o,w,n;D,ǝ,UH,N;s; UH
th,e;DH,AH;s; 
r,i,b,s;R,IH,B,Z;s; IH
o,f;AH,V;s; 
th,i,s;DH,IH,S;s; IH
c,o,n,t,e,m,p,t,uou,s;K,ǝ,N,T,e,M,T,Y,ǝ,S;s; 
u,p,o,n;AH,P,AA,N;s; AA
e,v,e,n;IY,V,IH,N;s; IY,IH
t,i,ll;T,IH,L;s; IH
d,e,s,o,l,a,t,io,n;D,EH,S,AH,L,EY,SH,AH,N;s; EY
th,e,m;DH,EH,M;s; 
a,s;AE,Z;s; AE
n,a,k,e,d;N,EY,K,AH,D;s; EY
a,s;AE,Z;s; AE
th,e;DH,AH;s; 
v,u,l,g,a,r;V,ɤ,L,G,ǝ,R;s; 
ai,r;EH,R;s; 
th,a,t;DH,AE,T;s; AE
y,ou,r;Y,AO,R;s; AO
a,n,d;AH,N,D;s; 
p,a,r,t;P,AA,R,T;s; AA
y,ou,r;Y,AO,R;s; AO
m,i,n,g,l,e,d;M,IH,NG,G,AH,L,D;s; IH
a,g,ai,n;ǝ,ɡ,EH,N;s; 
t,u,r,n;T,ɐ,R,N;s; 
t,o;T,UW;s; UW
a,n,d;AH,N,D;s; 
b,l,oo,d,y;B,L,AH,D,IY;s; IY
t,o;T,UW;s; UW
th,e,n;DH,EH,N;s; 
i,n;IH,N;s; IH
a;AH;s; 
m,o,m,e,n,t;M,OW,M,AH,N,T;s; 
sh,a,ll;SH,AE,L;s; AE
c,u,ll;K,ɤ,L;s; 
f,o,r,th;F,AO,R,TH;s; AO
ou,t;AW,T;s; 
o,f;AH,V;s; 
t,o;T,UW;s; UW
wh,o,m;HH,UW,M;s; UW
i,n;IH,N;s; IH
sh,e;SH,IY;s; IY
sh,a,ll;SH,AE,L;s; AE
th,e;DH,AH;s; 
a,n,d;AH,N,D;s; 
k,i,ss;K,IH,S;s; IH
h,i,m;HH,IH,M;s; IH
w,i,th;W,IH,DH;s; IH
a;AH;s; 
y,ou;Y,UW;s; UW
th,i,s;DH,IH,S;s; IH
m,i,g,h,t,y;M,ǝ,IH,T,ǝ,IH;s; IH,IH
i,t;IH,T;s; IH
n,o,t;N,AA,T;s; AA
o,f;AH,V;s; 
th,e;DH,AH;s; 
a,n;AE,N;s; AE
i,f;IH,F;s; IH
th,ou;DH,AW;s; 
h,a,s,t;HH,AE,S,T;s; AE
th,e;DH,AH;s; 
o,f;AH,V;s; 
a;AH;s; 
b,ei,n,g;B,IY,IH,NG;s; IY,IH
a,s;AE,Z;s; AE
w,e;W,IY;s; IY
b,y;B,AY;s; AY
th,i,s;DH,IH,S;s; IH
p,ee,v,i,sh;P,IY,V,IH,SH;s; IY,IH
t,u,r,n;T,ɐ,R,N;s; 
th,ou;DH,AW;s; 
th,e;DH,AH;s; 
o,f;AH,V;s; 
a,s;AE,Z;s; AE
w,e;W,IY;s; IY
w,i,ll;W,IH,L;s; IH
ou,r,s;OW,R,Z;s; 
a,g,ai,n,s,t;AH,G,EH,N,S,T;s; 
a,n,d;AH,N,D;s; 
wh,e,n;ʍ,e,N;s; 
th,a,t;DH,AE,T;s; AE
w,e;W,IY;s; IY
th,e,m;DH,EH,M;s; 
t,o;T,UW;s; UW
th,e;DH,AH;s; 
wh,h,y;ʍ,ǝ,IH;s; IH
th,e,n;DH,EH,N;s; 
ea,ch;IY,CH;s; IY
a,n,d;AH,N,D;s; 
w,o,r,k;W,AO,R,K;s; AO
u,p,o,n;AH,P,AA,N;s; AA
f,o,r;F,AO,R;s; AO
h,ea,v,e,n;HH,EH,V,AH,N;s; 
o,r;AO,R;s; AO
o;OW;s; 
p,r,u,d,e,n,t;P,R,UW,D,AH,N,T;s; UW
f,r,o,m;F,R,AH,M;s; 
n,o,r,th;N,AO,R,TH;s; AO
t,o;T,UW;s; UW
a,n,d;AH,N,D;s; 
sh,oo,t;SH,UW,T;s; UW
i,n;IH,N;s; IH
ea,ch;IY,CH;s; IY
s,t,i,r;S,T,ɐ,R;s; 
th,e,m;DH,EH,M;s; 
t,o;T,UW;s; UW
i,t;IH,T;s; IH
a;AH;s; 
th,a,t;DH,AE,T;s; AE
th,e;DH,AH;s; 
r,o,tt,e,n;R,AA,T,AH,N;s; AA
c,a,r,c,a,ss;K,AA,R,K,ǝ,S;s; AA
o,f;AH,V;s; 
o,l,d;OW,L,D;s; 
d,ea,th;D,EH,TH;s; 
ou,t;AW,T;s; 
o,f;AH,V;s; 
h,i,s;HH,IH,Z;s; IH
r,a,g,s;R,AE,G,Z;s; AE
a;AH;s; 
i,n,d,ee,d;IH,N,D,IY,D;s; IH,IY
th,a,t;DH,AE,T;s; AE
s,p,i,t,s;S,P,IH,T,S;s; IH
f,o,r,th;F,AO,R,TH;s; AO
d,ea,th;D,EH,TH;s; 
a,n,d;AH,N,D;s; 
m,ou,n,t,ai,n,s;M,AW,N,T,AH,N,Z;s; 
a,n,d;AH,N,D;s; 
s,ea,s;S,IY,Z;s; IY
a,s;AE,Z;s; AE
o,f;AH,V;s; 
a,s;AE,Z;s; AE
m,ai,d,s;M,EY,D,Z;s; EY
o,f;AH,V;s; 
th,i,r,t,ee,n;TH,ɐ,R,T,IY,N;s; IY
d,o;D,OW;s; 
o,f;AH,V;s; 
p,u,pp,p,y;P,ɤ,P,ǝ,IH;s; IH
d,o,g,s;D,AA,G,Z;s; AA
wh,a,t;W,AH,T;s; 
b,e,g,o,t;B,IY,G,AO,T;s; IY,AO
th,i,s;DH,IH,S;s; IH
b,l,oo,d;B,L,AH,D;s; 
h,e;HH,IY;s; IY
s,p,ea,k,s;S,P,IY,K,S;s; IY
p,l,ai,n;P,L,EH,N;s; 
c,a,nn,o,n;K,AE,N,AH,N;s; AE
a,n,d;AH,N,D;s; 
a,n,d;AH,N,D;s; 
h,e;HH,IY;s; IY
th,e;DH,AH;s; 
w,i,th;W,IH,DH;s; IH
h,i,s;HH,IH,Z;s; IH
ou,r;OW,R;s; 
ea,r,s;IY,R,Z;s; IY
n,o,t;N,AA,T;s; AA
a;AH;s; 
o,f;AH,V;s; 
h,i,s;HH,IH,Z;s; IH
b,u,t;B,AH,T;s; 
b,u,ff,e,t,s;B,ɤ,F,IH,T,S;s; IH
b,e,tt,e,r;B,e,T,ə,R;s; 
th,a,n;DH,AE,N;s; AE
a;AH;s; 
f,i,s,t;F,IH,S,T;s; IH
o,f;AH,V;s; 
z,ou,n,d,s;Z,AW,N,D,Z;s; 
i;AY;s; AY
w,a,s;W,AA,Z;s; AA
n,e,v,e,r;N,e,V,ǝ,R;s; 
s,o;S,OW;s; 
w,i,th;W,IH,DH;s; IH
i;AY;s; AY
m,y;M,AY;s; AY
d,a,d;D,AE,D;s; AE
i,n;IH,N;s; IH
th,e;DH,AH;s; 
o,f;AH,V;s; 
i,n;IH,N;s; IH
th,e;DH,AH;s; 
o,f;AH,V;s; 
b,r,o,w;B,r,ə,UH;s; UH
a,n,d;AH,N,D;s; 
q,ua,r,t,e,r,e,d;K,W,AA,R,T,ǝ,R,D;s; AA
i,n;IH,N;s; IH
h,ea,r,t;HH,AA,R,T;s; AA
h,e;HH,IY;s; IY
d,o,th;D,AO,TH;s; AO
h,i,m,s,e,l,f;HH,IH,M,S,EH,L,F;s; IH
th,i,s;DH,IH,S;s; IH
i,s;IH,Z;s; IH
th,a,t;DH,AE,T;s; AE
a,n,d;AH,N,D;s; 
a,n,d;AH,N,D;s; 
q,ua,r,t,e,r,e,d;K,W,AA,R,T,ǝ,R,D;s; AA
b,e;B,IY;s; IY
i,n;IH,N;s; IH
a;AH;s; 
s,o;S,OW;s; 
a;AH;s; 
a,s;AE,Z;s; AE
h,e;HH,IY;s; IY
m,a,d;M,AE,D;s; AE
m,a,d;M,AE,D;s; AE
m,a,d;M,AE,D;s; AE
c,o,m,p,o,s,i,t,io,n;K,AA,M,P,AH,Z,IH,SH,AH,N;s; AA,IH
t,o;T,UW;s; UW
s,t,o,p;S,T,AA,P;s; AA
i,n;IH,N;s; IH
th,e;DH,AH;s; 
h,a,th;HH,AE,TH;s; AE
d,e,p,a,r,t,e,d;D,IH,P,AA,R,T,IH,D;s; IH,AA,IH
w,i,th;W,IH,DH;s; IH
a;AH;s; 
p,a,r,t;P,AA,R,T;s; AA
a,n,d;AH,N,D;s; 
o,n;AA,N;s; AA
wh,o,m;HH,UW,M;s; UW
z,ea,l;Z,IY,L;s; IY
a,n,d;AH,N,D;s; 
ch,a,r,i,t,y;CH,EH,R,IH,T,IY;s; IH,IY
t,o;T,UW;s; UW
th,e;DH,AH;s; 
f,ie,l,d;F,IY,L,D;s; IY
a,s;AE,Z;s; AE
r,ou,n,d,e,d;R,AW,N,D,AH,D;s; 
i,n;IH,N;s; IH
th,e;DH,AH;s; 
ea,r;IY,R;s; IY
w,i,th;W,IH,DH;s; IH
th,a,t;DH,AE,T;s; AE
th,a,t;DH,AE,T;s; AE
s,l,y;S,L,AY;s; AY
d,e,v,i,l;D,IH,V,ǝ,L;s; IH
th,a,t;DH,AE,T;s; AE
b,r,o,k,e,r;B,r,OW,K,ə,R;s; 
th,a,t;DH,AE,T;s; AE
s,t,i,ll;S,T,IH,L;s; IH
b,r,ea,k,s;B,R,EY,K,S;s; EY
th,e;DH,AH;s; 
o,f;AH,V;s; 
f,ai,th;F,EY,TH;s; EY
th,a,t;DH,AE,T;s; AE
h,e;HH,IY;s; IY
th,a,t;DH,AE,T;s; AE
w,i,n,s;W,IH,N,Z;s; IH
o,f;AH,V;s; 
a,ll;AA,L;s; AA
o,f;AH,V;s; 
o,f;AH,V;s; 
b,e,gg,a,r,s;B,e,ɡ,ə,R,Z;s; 
o,l,d;OW,L,D;s; 
m,e,n;M,EH,N;s; 
m,e,n;M,EH,N;s; 
m,ai,d,s;M,EY,D,Z;s; EY
wh,o;HH,UW;s; UW
n,o;N,OW;s; 
t,o;T,UW;s; UW
b,u,t;B,AH,T;s; 
th,e;DH,AH;s; 
m,ai,d;M,EY,D;s; EY
ch,ea,t,s;CH,IY,T,S;s; IY
th,e;DH,AH;s; 
p,oo,r;P,UH,R;s; UH
m,ai,d;M,EY,D;s; EY
o,f;AH,V;s; 
th,a,t;DH,AE,T;s; AE
th,a,t;DH,AE,T;s; AE
g,e,n,t,l,e,m,a,n;JH,EH,N,T,AH,L,M,AH,N;s; 
th,e;DH,AH;s; 
o,f;AH,V;s; 
th,e;DH,AH;s; 
th,e;DH,AH;s; 
wh,o;HH,UW;s; UW
o,f;AH,V;s; 
i,t,s,e,l,f;IH,T,S,EH,L,F;s; IH
i,s;IH,Z;s; IH
w,e,ll;W,EH,L;s; 
t,o;T,UW;s; UW
r,u,n;r,ɤ,N;s; 
e,v,e,n;IY,V,IH,N;s; IY,IH
u,p,o,n;AH,P,AA,N;s; AA
e,v,e,n;IY,V,IH,N;s; IY,IH
t,i,ll;T,IH,L;s; IH
th,i,s;DH,IH,S;s; IH
th,i,s;DH,IH,S;s; IH
th,i,s;DH,IH,S;s; IH
o,f;AH,V;s; 
th,i,s;DH,IH,S;s; IH
i,t;IH,T;s; IH
f,r,o,m;F,R,AH,M;s; 
a,ll;AA,L;s; AA
i,n,d,i,ff,e,r,e,n,c,y;IH,N,D,IH,F,r,ǝ,N,S,ǝ,IH;s; IH,IH,IH
f,r,o,m;F,R,AH,M;s; 
a,ll;AA,L;s; AA
i,n,t,e,n,t;IH,N,T,EH,N,T;s; IH
a,n,d;AH,N,D;s; 
th,i,s;DH,IH,S;s; IH
th,i,s;DH,IH,S;s; IH
th,i,s;DH,IH,S;s; IH
th,i,s;DH,IH,S;s; IH
b,r,o,k,e,r;B,r,OW,K,ə,R;s; 
th,i,s;DH,IH,S;s; IH
o,n;AA,N;s; AA
th,e;DH,AH;s; 
o,f;AH,V;s; 
h,a,th;HH,AE,TH;s; AE
h,i,m;HH,IH,M;s; IH
f,r,o,m;F,R,AH,M;s; 
h,i,s;HH,IH,Z;s; IH
ai,d;EH,D;s; 
f,r,o,m;F,R,AH,M;s; 
a;AH;s; 
a,n,d;AH,N,D;s; 
h,o,n,o,r,a,le;AA,N,ER,AH,B,AH,L;s; AA
w,a,r;W,AO,R;s; AO
t,o;T,UW;s; UW
a;AH;s; 
m,o,s,t;M,OW,S,T;s; 
a,n,d;AH,N,D;s; 
a,n,d;AH,N,D;s; 
wh,h,y;ʍ,ǝ,IH;s; IH
r,ai,l;r,EH,L;s; 
i;AY;s; AY
o,n;AA,N;s; AA
th,i,s;DH,IH,S;s; IH
b,u,t;B,AH,T;s; 
f,o,r;F,AO,R;s; AO
h,e;HH,IY;s; IY
h,a,th;HH,AE,TH;s; AE
n,o,t;N,AA,T;s; AA
w,ooe,d;W,UW,D;s; UW
m,e;M,IY;s; IY
y,e,t;Y,EH,T;s; 
n,o,t;N,AA,T;s; AA
th,a,t;DH,AE,T;s; AE
i;AY;s; AY
th,e;DH,AH;s; 
t,o;T,UW;s; UW
c,l,u,t,ch;K,L,ɤ,T,SH;s; 
m,y;M,AY;s; AY
wh,e,n;ʍ,e,N;s; 
h,i,s;HH,IH,Z;s; IH
f,ai,r;F,EH,R;s; 
a,n,g,e,l,s;EY,N,JH,AH,L,Z;s; EY
m,y;M,AY;s; AY
b,u,t;B,AH,T;s; 
f,o,r;F,AO,R;s; AO
m,y;M,AY;s; AY
a,s;AE,Z;s; AE
y,e,t;Y,EH,T;s; 
a;AH;s; 
p,oo,r;P,UH,R;s; UH
b,e,gg,a,r;B,e,ɡ,ə,R;s; 
r,ai,l,e,th;r,EH,L,ǝ,TH;s; 
o,n;AA,N;s; AA
th,e;DH,AH;s; 
r,i,ch;R,IH,CH;s; IH
w,e,ll;W,EH,L;s; 
i;AY;s; AY
a,m;AE,M;s; AE
a;AH;s; 
b,e,gg,a,r;B,e,ɡ,ə,R;s; 
i;AY;s; AY
w,i,ll;W,IH,L;s; IH
r,ai,l;r,EH,L;s; 
a,n,d;AH,N,D;s; 
i,s;IH,Z;s; IH
n,o;N,OW;s; 
s,i,n;S,IH,N;s; IH
b,u,t;B,AH,T;s; 
t,o;T,UW;s; UW
b,e;B,IY;s; IY
r,i,ch;R,IH,CH;s; IH
a,n,d;AH,N,D;s; 
b,ei,n,g;B,IY,IH,NG;s; IY,IH
r,i,ch;R,IH,CH;s; IH
m,y;M,AY;s; AY
th,e,n;DH,EH,N;s; 
sh,a,ll;SH,AE,L;s; AE
b,e;B,IY;s; IY
t,o;T,UW;s; UW
i,s;IH,Z;s; IH
n,o;N,OW;s; 
b,u,t;B,AH,T;s; 
b,r,ea,k;B,R,EY,K;s; EY
f,ai,th;F,EY,TH;s; EY
u,p,o,n;AH,P,AA,N;s; AA
g,ai,n;G,EH,N;s; 
b,e;B,IY;s; IY
m,y;M,AY;s; AY
l,o,r,d;L,AO,R,D;s; AO
f,o,r;F,AO,R;s; AO
i;AY;s; AY
w,i,ll;W,IH,L;s; IH
w,o,r,sh,i,p;W,AO,R,SH,IH,P;s; AO,IH
th,ee;DH,IY;s; IY
a,n,d;AH,N,D;s; 
a;AH;s; 
o,n;AA,N;s; AA
a,n,d;AH,N,D;s; 
a;AH;s; 
o,n;AA,N;s; AA
a,n,d;AH,N,D;s; 
a;AH;s; 
o,n;AA,N;s; AA
h,i,s;HH,IH,Z;s; IH
y,ou,r;Y,AO,R;s; AO
b,e,s,t;B,EH,S,T;s; 
c,a,rr,r,y;K,AW,r,ǝ,IH;s; IH
th,e,m;DH,EH,M;s; 
b,u,t;B,AH,T;s; 
a;AH;s; 
m,o,s,t;M,OW,S,T;s; 
s,w,ee,t;S,W,IY,T;s; IY
w,i,ll;W,IH,L;s; IH
n,o,t;N,AA,T;s; AA
b,e;B,IY;s; IY
w,i,ll;W,IH,L;s; IH
n,o,t;N,AA,T;s; AA
a;AH;s; 
s,t,o,p;S,T,AA,P;s; AA
th,a,t;DH,AE,T;s; AE
o,f;AH,V;s; 
o,l,d;OW,L,D;s; 
th,e;DH,AH;s; 
c,l,o,ck,k,-,s,e,tt,e,r;K,L,ɒ,K,-,ˌ,S,e,T,ǝ,R;s; 
th,a,t;DH,AE,T;s; AE
b,a,l,d;B,AA,L,D;s; AA
i,s;IH,Z;s; IH
i,t;IH,T;s; IH
a,s;AE,Z;s; AE
h,e;HH,IY;s; IY
w,i,ll;W,IH,L;s; IH
w,e,ll;W,EH,L;s; 
th,e,n;DH,EH,N;s; 
sh,a,ll;SH,AE,L;s; AE
r,ue;R,UW;s; UW
b,y;B,AY;s; AY
m,y;M,AY;s; AY
th,i,s;DH,IH,S;s; IH
w,o,n,d,r,ou,s;W,AH,N,D,R,AH,S;s; 
h,o,t;HH,AA,T;s; AA
ai,r,y;EH,R,IY;s; IY
d,e,v,i,l;D,IH,V,ǝ,L;s; IH
i,n;IH,N;s; IH
th,e;DH,AH;s; 
s,k,y;S,K,AY;s; AY
a,n,d;AH,N,D;s; 
p,ou,r,s;P,AO,R,Z;s; AO
d,o,w,n;D,ǝ,UH,N;s; UH
m,i,sc,ch,ie,f;M,IH,S,CH,AH,F;s; IH
au,s,t,r,ia,',s;AO,S,T,R,IY,AH,Z;s; AO,IY
m,y;M,AY;s; AY
l,o,r,d;L,AO,R,D;s; AO
i;AY;s; AY
i,s;IH,Z;s; IH
i,n;IH,N;s; IH
s,a,f,e,t,y;S,EH,F,T,ǝ,IH;s; IH
f,ea,r;F,IY,R;s; IY
y,ou;Y,UW;s; UW
n,o,t;N,AA,T;s; AA
b,u,t;B,AH,T;s; 
o,n;AA,N;s; AA
m,y;M,AY;s; AY
f,o,r;F,AO,R;s; AO
v,e,r,y;V,EH,R,IY;s; IY
p,ai,n,s;P,EH,N,Z;s; 
w,i,ll;W,IH,L;s; IH
th,i,s;DH,IH,S;s; IH
t,o;T,UW;s; UW
a,n;AE,N;s; AE
e,n,d;EH,N,D;s; 
b,e,ll;B,EH,L;s; 
b,oo,k;B,UH,K;s; UH
a,n,d;AH,N,D;s; 
sh,a,ll;SH,AE,L;s; AE
n,o,t;N,AA,T;s; AA
m,e;M,IY;s; IY
b,a,ck;B,AE,K;s; AE
wh,e,n;ʍ,e,N;s; 
g,o,l,d;G,OW,L,D;s; 
a,n,d;AH,N,D;s; 
m,e;M,IY;s; IY
t,o;T,UW;s; UW
o,n;AA,N;s; AA
i;AY;s; AY
y,ou,r;Y,AO,R;s; AO
i;AY;s; AY
w,i,ll;W,IH,L;s; IH
i,f;IH,F;s; IH
i;AY;s; AY
t,o;T,UW;s; UW
b,e;B,IY;s; IY
h,o,l,y;HH,OW,L,IY;s; IY
f,o,r;F,AO,R;s; AO
y,ou,r;Y,AO,R;s; AO
f,ai,r;F,EH,R;s; 
s,a,f,e,t,y;S,EH,F,T,ǝ,IH;s; IH
s,o;S,OW;s; 
i;AY;s; AY
k,i,ss;K,IH,S;s; IH
y,ou,r;Y,AO,R;s; AO
b,u,t;B,AH,T;s; 
i,f;IH,F;s; IH
y,ou;Y,UW;s; UW
b,e;B,IY;s; IY
t,o;T,UW;s; UW
th,e;DH,AH;s; 
w,o,r,s,t;W,AO,R,S,T;s; AO
th,e,n;DH,EH,N;s; 
l,e,t;L,EH,T;s; 
th,e;DH,AH;s; 
w,o,r,s,t;W,AO,R,S,T;s; AO
f,a,ll;F,AA,L;s; AA
o,n;AA,N;s; AA
y,ou,r;Y,AO,R;s; AO
i;AY;s; AY
s,p,e,d;S,P,EH,D;s; 
th,e;DH,AH;s; 
th,e;DH,AH;s; 
s,u,m,s;S,ɤ,M,Z;s; 
i;AY;s; AY
c,o,ll,e,c,t,e,d;K,AH,L,EH,K,T,AH,D;s; 
sh,a,ll;SH,AE,L;s; AE
b,u,t;B,AH,T;s; 
a,s;AE,Z;s; AE
i;AY;s; AY
th,e;DH,AH;s; 
l,a,n,d;L,AE,N,D;s; AE
i;AY;s; AY
th,e;DH,AH;s; 
w,i,th;W,IH,DH;s; IH
f,u,ll;F,UH,L;s; UH
o,f;AH,V;s; 
d,r,ea,m,s;D,R,IY,M,Z;s; IY
n,o,t;N,AA,T;s; AA
wh,a,t;W,AH,T;s; 
f,ea,r;F,IY,R;s; IY
b,u,t;B,AH,T;s; 
f,u,ll;F,UH,L;s; UH
o,f;AH,V;s; 
f,ea,r;F,IY,R;s; IY
a,n,d;AH,N,D;s; 
a;AH;s; 
th,a,t;DH,AE,T;s; AE
i;AY;s; AY
w,i,th;W,IH,DH;s; IH
m,e;M,IY;s; IY
f,r,o,m;F,R,AH,M;s; 
f,o,r,th;F,AO,R,TH;s; AO
th,e;DH,AH;s; 
s,t,r,ee,t,s;S,T,R,IY,T,S;s; IY
o,f;AH,V;s; 
p,o,m,f,r,e,t;P,ɤ,M,F,r,IH,T;s; IH
wh,o,m;HH,UW,M;s; UW
i;AY;s; AY
w,i,th;W,IH,DH;s; IH
h,u,n,d,r,e,d,s;HH,AH,N,D,R,AH,D,Z;s; 
o,n;AA,N;s; AA
h,i,s;HH,IH,Z;s; IH
t,o;T,UW;s; UW
wh,o,m;HH,UW,M;s; UW
h,e;HH,IY;s; IY
i,n;IH,N;s; IH
th,a,t;DH,AE,T;s; AE
th,e;DH,AH;s; 
a,t;AE,T;s; AE
n,oo,n;N,UW,N;s; UW
y,ou,r;Y,AO,R;s; AO
d,e,l,i,v,e,r;D,IH,L,IH,V,ǝ,R;s; IH,IH
u,p;AH,P;s; 
y,ou,r;Y,AO,R;s; AO
c,r,o,w,n;K,r,ǝ,UH,N;s; UH
th,e;DH,AH;s; 
f,r,e,n,ch;F,R,EH,N,CH;s; 
m,y;M,AY;s; AY
l,o,r,d;L,AO,R,D;s; AO
f,u,ll;F,UH,L;s; UH
o,f;AH,V;s; 
i,t;IH,T;s; IH
b,e,s,i,d,e,s;B,IH,S,ə,IH,D,Z;s; IH,IH
i;AY;s; AY
m,e,t;M,EH,T;s; 
l,o,r,d;L,AO,R,D;s; AO
b,i,g,o,t;B,IH,G,AH,T;s; IH
a,n,d;AH,N,D;s; 
l,o,r,d;L,AO,R,D;s; AO
w,i,th;W,IH,DH;s; IH
a,s;AE,Z;s; AE
r,e,d;R,EH,D;s; 
a,s;AE,Z;s; AE
a,n,d;AH,N,D;s; 
g,oi,n,g;G,OW,IH,N;s; IH
t,o;T,UW;s; UW
s,ee,k;S,IY,K;s; IY
th,e;DH,AH;s; 
o,f;AH,V;s; 
wh,o,m;HH,UW,M;s; UW
i,s;IH,Z;s; IH
o,n;AA,N;s; AA
y,ou,r;Y,AO,R;s; AO
i;AY;s; AY
w,i,ll;W,IH,L;s; IH
s,ee,k;S,IY,K;s; IY
th,e,m;DH,EH,M;s; 
ou,t;AW,T;s; 
th,e;DH,AH;s; 
s,p,i,r,i,t;S,P,IH,R,AH,T;s; IH
o,f;AH,V;s; 
th,e;DH,AH;s; 
sh,a,ll;SH,AE,L;s; AE
t,ea,ch;T,IY,CH;s; IY
m,e;M,IY;s; IY
s,p,ee,d;S,P,IY,D;s; IY
w,e,ll;W,EH,L;s; 
m,e,t;M,EH,T;s; 
l,o,r,d,s;L,AO,R,D,Z;s; AO
th,e;DH,AH;s; 
b,y;B,AY;s; AY
m,e;M,IY;s; IY
y,ou,r;Y,AO,R;s; AO
y,ou;Y,UW;s; UW
th,i,n,k;TH,IH,NG,K;s; IH
g,oo,d;G,UH,D;s; UH
i;AY;s; AY
th,i,n,k;TH,IH,NG,K;s; IH
w,re;W,ER;s; 
b,e,s,t;B,EH,S,T;s; 
b,u,t;B,AH,T;s; 
i,s;IH,Z;s; IH
r,ea,s,o,n;r,EH,Z,ǝ,N;s; 
i,n;IH,N;s; IH
y,ou,r;Y,AO,R;s; AO
g,r,ie,f;G,R,IY,F;s; IY
th,e,r,e,f,re;DH,EH,R,F,AO,R;s; AO
r,ea,s,o,n;r,EH,Z,ǝ,N;s; 
y,ou;Y,UW;s; UW
h,a,d;HH,AE,D;s; AE
t,r,ue;T,R,UW;s; UW
t,o;T,UW;s; UW
h,i,s;HH,IH,Z;s; IH
m,a,s,t,e,r;M,AW,S,T,ǝ,R;s; 
n,o;N,OW;s; 
i,t;IH,T;s; IH
i,s;IH,Z;s; IH
a;AH;s; 
a,n,d;AH,N,D;s; 
a;AH;s; 
b,l,oo,d,y;B,L,AH,D,IY;s; IY
w,o,r,k;W,AO,R,K;s; AO
th,e;DH,AH;s; 
a,c,t,io,n;AE,K,SH,AH,N;s; AE
o,f;AH,V;s; 
a;AH;s; 
h,ea,v,y;e,V,ǝ,IH;s; IH
i,f;IH,F;s; IH
th,a,t;DH,AE,T;s; AE
i,t;IH,T;s; IH
b,e;B,IY;s; IY
th,e;DH,AH;s; 
w,o,r,k;W,AO,R,K;s; AO
o,f;AH,V;s; 
y,ou,r;Y,AO,R;s; AO
i,s;IH,Z;s; IH
p,u,t;P,UH,T;s; UH
i,t;IH,T;s; IH
u,p;AH,P;s; 
a,g,ai,n;ǝ,ɡ,EH,N;s; 
k,ee,p;K,IY,P;s; IY
th,e;DH,AH;s; 
i;AY;s; AY
th,ou;DH,AW;s; 
b,e,tt,e,r;B,e,T,ə,R;s; 
g,a,ll;G,AA,L;s; AA
th,e;DH,AH;s; 
d,e,v,i,l;D,IH,V,ǝ,L;s; IH
i,f;IH,F;s; IH
th,ou;DH,AW;s; 
b,u,t;B,AH,T;s; 
f,r,o,w,n;F,r,ǝ,UH,N;s; UH
o,n;AA,N;s; AA
m,e;M,IY;s; IY
o,r;AO,R;s; AO
s,t,i,r;S,T,ɐ,R;s; 
f,oo,t;F,UH,T;s; UH
o,r;AO,R;s; AO
t,ea,ch;T,IY,CH;s; IY
h,a,s,t,y;HH,EY,S,T,IY;s; EY,IY
s,p,l,ee,n;S,P,L,IY,N;s; IY
t,o;T,UW;s; UW
d,o;D,OW;s; 
m,e;M,IY;s; IY
th,ee;DH,IY;s; IY
d,ea,d;D,EH,D;s; 
p,u,t;P,UH,T;s; UH
u,p;AH,P;s; 
o,r;AO,R;s; AO
s,o;S,OW;s; 
m,au,l;M,AO,L;s; AO
y,ou;Y,UW;s; UW
a,n,d;AH,N,D;s; 
y,ou,r;Y,AO,R;s; AO
th,a,t;DH,AE,T;s; AE
y,ou;Y,UW;s; UW
sh,a,ll;SH,AE,L;s; AE
th,i,n,k;TH,IH,NG,K;s; IH
th,e;DH,AH;s; 
d,e,v,i,l;D,IH,V,ǝ,L;s; IH
i,s;IH,Z;s; IH
f,r,o,m;F,R,AH,M;s; 
a;AH;s; 
g,oo,d;G,UH,D;s; UH
y,ou;Y,UW;s; UW
o,f;AH,V;s; 
th,i,s;DH,IH,S;s; IH
f,ai,r;F,EH,R;s; 
w,o,r,k;W,AO,R,K;s; AO
th,e;DH,AH;s; 
a,n,d;AH,N,D;s; 
b,ou,n,d,l,e,ss;B,AW,N,D,L,AH,S;s; 
r,ea,ch;R,IY,CH;s; IY
o,f;AH,V;s; 
i,f;IH,F;s; IH
th,ou;DH,AW;s; 
th,i,s;DH,IH,S;s; IH
d,ee,d;D,IY,D;s; IY
o,f;AH,V;s; 
d,ea,th;D,EH,TH;s; 
a,r,t;AA,R,T;s; AA
th,ou;DH,AW;s; 
h,u,b,e,r,t;Y,UW,B,ǝ,R,T;s; UW
t,e,ll;T,EH,L;s; 
th,ee;DH,IY;s; IY
wh,a,t;W,AH,T;s; 
th,ou;DH,AW;s; 
a,s;AE,Z;s; AE
i,s;IH,Z;s; IH
s,o;S,OW;s; 
b,l,a,ck;B,L,AE,K;s; AE
th,ou;DH,AW;s; 
a,r,t;AA,R,T;s; AA
d,ee,p;D,IY,P;s; IY
th,a,n;DH,AE,N;s; AE
i,s;IH,Z;s; IH
n,o,t;N,AA,T;s; AA
y,e,t;Y,EH,T;s; 
s,o;S,OW;s; 
a;AH;s; 
f,ie,n,d;F,IY,N,D;s; IY
o,f;AH,V;s; 
a,s;AE,Z;s; AE
th,ou;DH,AW;s; 
sh,a,l,t;SH,AE,L,T;s; AE
b,e;B,IY;s; IY
i,f;IH,F;s; IH
th,ou;DH,AW;s; 
k,i,ll;K,IH,L;s; IH
th,i,s;DH,IH,S;s; IH
ch,i,l,d;CH,AY,L,D;s; AY
i,f;IH,F;s; IH
th,ou;DH,AW;s; 
b,u,t;B,AH,T;s; 
c,o,n,s,e,n,t;K,AH,N,S,EH,N,T;s; 
t,o;T,UW;s; UW
th,i,s;DH,IH,S;s; IH
m,o,s,t;M,OW,S,T;s; 
a,c,t;AE,K,T;s; AE
d,o;D,OW;s; 
b,u,t;B,AH,T;s; 
d,e,s,p,ai,r;D,IH,S,P,EH,R;s; IH
a,n,d;AH,N,D;s; 
i,f;IH,F;s; IH
th,ou;DH,AW;s; 
a;AH;s; 
c,o,r,d;K,AO,R,D;s; AO
th,e;DH,AH;s; 
s,m,a,ll,e,s,t;S,M,AA,L,ǝ,S,T;s; AA
th,a,t;DH,AE,T;s; AE
t,w,i,s,t,e,d;T,W,IH,S,T,AH,D;s; IH
f,r,o,m;F,R,AH,M;s; 
w,i,ll;W,IH,L;s; IH
s,e,ve;S,ER,V;s; 
t,o;T,UW;s; UW
th,ee;DH,IY;s; IY
a;AH;s; 
r,u,sh;r,ɤ,SH;s; 
w,i,ll;W,IH,L;s; IH
b,e;B,IY;s; IY
a;AH;s; 
b,ea,m;B,IY,M;s; IY
t,o;T,UW;s; UW
th,ee;DH,IY;s; IY
o,n;AA,N;s; AA
o,r;AO,R;s; AO
th,ou;DH,AW;s; 
d,r,o,w,n;D,r,ǝ,UH,N;s; UH
p,u,t;P,UH,T;s; UH
b,u,t;B,AH,T;s; 
a;AH;s; 
w,a,t,e,r;W,AA,T,ǝ,R;s; AA
i,n;IH,N;s; IH
a;AH;s; 
s,p,oo,n;S,P,UW,N;s; UW
a,n,d;AH,N,D;s; 
i,t;IH,T;s; IH
sh,a,ll;SH,AE,L;s; AE
b,e;B,IY;s; IY
a,s;AE,Z;s; AE
a,ll;AA,L;s; AA
th,e;DH,AH;s; 
o,c,ea,n;OW,SH,AH,N;s; 
t,o;T,UW;s; UW
a;AH;s; 
v,i,ll,ai,n;V,IH,L,AH,N;s; IH
u,p;AH,P;s; 
i;AY;s; AY
d,o;D,OW;s; 
s,u,s,p,e,c,t;S,ǝ,S,P,e,K,T;s; 
th,ee;DH,IY;s; IY
v,e,r,y;V,EH,R,IY;s; IY
g,o;G,OW;s; 
b,ea,r;B,EH,R;s; 
h,i,m;HH,IH,M;s; IH
i,n;IH,N;s; IH
a,r,m,s;AA,R,M,Z;s; AA
i;AY;s; AY
a,m;AE,M;s; AE
m,e,th,i,n,k,s;M,IH,TH,IH,NG,K,S;s; IH,IH
a,n,d;AH,N,D;s; 
m,y;M,AY;s; AY
th,e;DH,AH;s; 
th,o,r,n,s;TH,AO,R,N,Z;s; AO
a,n,d;AH,N,D;s; 
o,f;AH,V;s; 
th,i,s;DH,IH,S;s; IH
d,o,s,t;D,AA,S,T;s; AA
th,ou;DH,AW;s; 
a,ll;AA,L;s; AA
e,n,g,l,a,n,d;IH,NG,G,L,AH,N,D;s; IH
u,p;AH,P;s; 
f,r,o,m;F,R,AH,M;s; 
f,o,r,th;F,AO,R,TH;s; AO
th,i,s;DH,IH,S;s; IH
m,o,r,s,e,l;M,AO,R,S,AH,L;s; AO
o,f;AH,V;s; 
d,ea,d;D,EH,D;s; 
th,e;DH,AH;s; 
th,e;DH,AH;s; 
a,n,d;AH,N,D;s; 
t,r,u,th;T,R,UW,TH;s; UW
o,f;AH,V;s; 
a,ll;AA,L;s; AA
th,i,s;DH,IH,S;s; IH
r,ea,l,m;R,EH,L,M;s; 
i,s;IH,Z;s; IH
f,l,e,d;F,L,EH,D;s; 
t,o;T,UW;s; UW
h,ea,v,e,n;HH,EH,V,AH,N;s; 
a,n,d;AH,N,D;s; 
e,n,g,l,a,n,d;IH,NG,G,L,AH,N,D;s; IH
i,s;IH,Z;s; IH
l,e,f,t;L,EH,F,T;s; 
t,o;T,UW;s; UW
t,u,g;T,AH,G;s; 
a,n,d;AH,N,D;s; 
a,n,d;AH,N,D;s; 
t,o;T,UW;s; UW
p,a,r,t;P,AA,R,T;s; AA
b,y;B,AY;s; AY
t,ee,th;T,IY,TH;s; IY
th,e;DH,AH;s; 
o,f;AH,V;s; 
f,o,r;F,AO,R;s; AO
th,e;DH,AH;s; 
o,f;AH,V;s; 
m,a,j,e,s,t,y;M,AE,JH,AH,S,T,IY;s; AE,IY
d,o,th;D,AO,TH;s; AO
w,a,r;W,AO,R;s; AO
h,i,s;HH,IH,Z;s; IH
a,n,g,r,y;AE,NG,G,R,IY;s; AE,IY
c,r,e,s,t;K,R,EH,S,T;s; 
a,n,d;AH,N,D;s; 
i,n;IH,N;s; IH
th,e;DH,AH;s; 
o,f;AH,V;s; 
f,r,o,m;F,R,AH,M;s; 
h,me;OW,M;s; 
a,n,d;AH,N,D;s; 
a,t;AE,T;s; AE
h,me;OW,M;s; 
m,ee,t;M,IY,T;s; IY
i,n;IH,N;s; IH
a,n,d;AH,N,D;s; 
v,a,s,t;V,AW,S,T;s; 
w,ai,t,s;W,EH,T,S;s; 
a,s;AE,Z;s; AE
d,o,th;D,AO,TH;s; AO
a;AH;s; 
r,a,v,e,n;R,EY,V,AH,N;s; EY
o,n;AA,N;s; AA
a;AH;s; 
b,ea,s,t;B,e,S,T;s; 
th,e;DH,AH;s; 
o,f;AH,V;s; 
wr,e,s,t,e,d;R,EH,S,T,IH,D;s; IH
p,o,m,p;P,AA,M,P;s; AA
h,e;HH,IY;s; IY
c,l,oa,k;K,L,OW,K;s; 
a,n,d;AH,N,D;s; 
c,a,n;K,AE,N;s; AE
ou,t;AW,T;s; 
th,i,s;DH,IH,S;s; IH
t,e,m,p,e,s,t;T,EH,M,P,AH,S,T;s; 
b,ea,r;B,EH,R;s; 
th,a,t;DH,AE,T;s; AE
ch,i,l,d;CH,AY,L,D;s; AY
a,n,d;AH,N,D;s; 
m,e;M,IY;s; IY
w,i,th;W,IH,DH;s; IH
s,p,ee,d;S,P,IY,D;s; IY
t,o;T,UW;s; UW
th,e;DH,AH;s; 
a;AH;s; 
b,r,ie,f;B,R,IY,F;s; IY
i,n;IH,N;s; IH
a,n,d;AH,N,D;s; 
h,ea,v,e,n;HH,EH,V,AH,N;s; 
i,t,s,e,l,f;IH,T,S,EH,L,F;s; IH
d,o,th;D,AO,TH;s; AO
f,r,o,w,n;F,r,ǝ,UH,N;s; UH
u,p,o,n;AH,P,AA,N;s; AA
th,e;DH,AH;s; 
l,a,n,d;L,AE,N,D;s; AE
a,ll;AA,L;s; AA
k,e,n,t;K,EH,N,T;s; 
h,a,th;HH,AE,TH;s; AE
y,ie,l,d,e,d;Y,IY,L,D,AH,D;s; IY
ou,t;AW,T;s; 
b,u,t;B,AH,T;s; 
d,o,v,e,r;D,OW,V,ǝ,R;s; 
l,o,n,d,o,n;L,AH,N,D,AH,N;s; 
h,a,th;HH,AE,TH;s; AE
a;AH;s; 
th,e;DH,AH;s; 
a,n,d;AH,N,D;s; 
h,i,s;HH,IH,Z;s; IH
y,ou,r;Y,AO,R;s; AO
n,o,b,l,e,s;N,OW,B,AH,L,Z;s; 
w,i,ll;W,IH,L;s; IH
n,o,t;N,AA,T;s; AA
y,ou;Y,UW;s; UW
b,u,t;B,AH,T;s; 
t,o;T,UW;s; UW
o,ff,e,r;ɒ,F,ǝ,R;s; 
t,o;T,UW;s; UW
y,ou,r;Y,AO,R;s; AO
e,n,e,m,y;EH,N,AH,M,IY;s; IY
a,n,d;AH,N,D;s; 
h,u,rr,ie,s;ɤ,r,ǝ,IH,Z;s; IH
u,p;AH,P;s; 
a,n,d;AH,N,D;s; 
d,o,w,n;D,ǝ,UH,N;s; UH
th,e;DH,AH;s; 
o,f;AH,V;s; 
y,ou,r;Y,AO,R;s; AO
f,r,ie,n,d,s;F,R,EH,N,D,Z;s; 
h,i,m;HH,IH,M;s; IH
d,ea,d;D,EH,D;s; 
a,n,d;AH,N,D;s; 
c,a,s,t;K,AW,S,T;s; 
i,n,t,o;IH,N,T,UW;s; IH,UW
th,e;DH,AH;s; 
s,t,r,ee,t,s;S,T,R,IY,T,S;s; IY
a,n;AE,N;s; AE
e,m,p,t,y;e,M,T,ǝ,IH;s; IH
c,a,s,k,e,t;K,AW,S,K,IH,T;s; IH
th,e;DH,AH;s; 
o,f;AH,V;s; 
b,y;B,AY;s; AY
w,a,s;W,AA,Z;s; AA
a,n,d;AH,N,D;s; 
s,o;S,OW;s; 
o,n;AA,N;s; AA
m,y;M,AY;s; AY
s,ou,l;S,OW,L;s; 
h,e;HH,IY;s; IY
d,i,d;D,IH,D;s; IH
f,o,r;F,AO,R;s; AO
h,e;HH,IY;s; IY
b,u,t;B,AH,T;s; 
d,o;D,OW;s; 
y,ou;Y,UW;s; UW
d,r,oo,p;D,R,UW,P;s; UW
wh,h,y;ʍ,ǝ,IH;s; IH
l,oo,k;L,UH,K;s; UH
y,ou;Y,UW;s; UW
s,a,d;S,AE,D;s; AE
b,e;B,IY;s; IY
g,r,ea,t;G,r,e,T;s; 
i,n;IH,N;s; IH
a,c,t;AE,K,T;s; AE
a,s;AE,Z;s; AE
y,ou;Y,UW;s; UW
b,ee,n;B,IH,N;s; IH
i,n;IH,N;s; IH
l,e,t;L,EH,T;s; 
n,o,t;N,AA,T;s; AA
th,e;DH,AH;s; 
s,ee;S,IY;s; IY
f,ea,r;F,IY,R;s; IY
a,n,d;AH,N,D;s; 
s,a,d;S,AE,D;s; AE
d,i,s,t,r,u,s,t;D,IH,S,T,r,ɤ,S,T;s; IH
g,o,v,e,r,n;G,ɤ,V,ǝ,R,N;s; 
th,e;DH,AH;s; 
o,f;AH,V;s; 
a;AH;s; 
b,e;B,IY;s; IY
a,s;AE,Z;s; AE
th,e;DH,AH;s; 
b,e;B,IY;s; IY
w,i,th;W,IH,DH;s; IH
th,e;DH,AH;s; 
a,n,d;AH,N,D;s; 
th,e;DH,AH;s; 
b,r,o,w;B,r,ə,UH;s; UH
o,f;AH,V;s; 
s,o;S,OW;s; 
sh,a,ll;SH,AE,L;s; AE
i,n,f,e,r,io,r;IH,N,F,IH,R,IY,ER;s; IH,IH,IY
th,a,t;DH,AE,T;s; AE
th,ei,r;DH,EH,R;s; 
b,e,h,a,v,io,r,s;B,IH,HH,EY,V,Y,ER,Z;s; IH,EY
f,r,o,m;F,R,AH,M;s; 
th,e;DH,AH;s; 
g,r,ea,t;G,r,e,T;s; 
g,r,ea,t;G,r,e,T;s; 
b,y;B,AY;s; AY
y,ou,r;Y,AO,R;s; AO
a,n,d;AH,N,D;s; 
p,u,t;P,UH,T;s; UH
o,n;AA,N;s; AA
th,e;DH,AH;s; 
s,p,i,r,i,t;S,P,IH,R,AH,T;s; IH
o,f;AH,V;s; 
a,n,d;AH,N,D;s; 
g,l,i,s,t,e,r;G,L,IH,S,T,ǝ,R;s; IH
th,e;DH,AH;s; 
g,o,d;G,AA,D;s; AA
o,f;AH,V;s; 
w,a,r;W,AO,R;s; AO
wh,e,n;ʍ,e,N;s; 
h,e;HH,IY;s; IY
t,o;T,UW;s; UW
th,e;DH,AH;s; 
f,ie,l,d;F,IY,L,D;s; IY
b,o,l,d,n,e,ss;B,OW,L,D,N,ə,S;s; 
a,n,d;AH,N,D;s; 
wh,a,t;W,AH,T;s; 
sh,a,ll;SH,AE,L;s; AE
s,ee,k;S,IY,K;s; IY
th,e;DH,AH;s; 
i,n;IH,N;s; IH
h,i,s;HH,IH,Z;s; IH
d,e,n;D,EH,N;s; 
a,n,d;AH,N,D;s; 
h,i,m;HH,IH,M;s; IH
a,n,d;AH,N,D;s; 
h,i,m;HH,IH,M;s; IH
o;OW;s; 
l,e,t;L,EH,T;s; 
i,t;IH,T;s; IH
n,o,t;N,AA,T;s; AA
b,e;B,IY;s; IY
s,ai,d;S,EH,D;s; 
a,n,d;AH,N,D;s; 
r,u,n;r,ɤ,N;s; 
t,o;T,UW;s; UW
m,ee,t;M,IY,T;s; IY
f,r,o,m;F,R,AH,M;s; 
th,e;DH,AH;s; 
d,oo,r,s;D,AO,R,Z;s; AO
a,n,d;AH,N,D;s; 
w,i,th;W,IH,DH;s; IH
h,i,m;HH,IH,M;s; IH
h,e;HH,IY;s; IY
s,o;S,OW;s; 
o;OW;s; 
sh,a,ll;SH,AE,L;s; AE
w,e;W,IY;s; IY
u,p,o,n;AH,P,AA,N;s; AA
th,e;DH,AH;s; 
o,f;AH,V;s; 
ou,r;OW,R;s; 
l,a,n,d;L,AE,N,D;s; AE
s,e,n,d;S,EH,N,D;s; 
a,n,d;AH,N,D;s; 
p,a,r,l,e,y;P,AA,R,L,ǝ,IH;s; AA,IH
a,n,d;AH,N,D;s; 
t,o;T,UW;s; UW
a,r,m,s;AA,R,M,Z;s; AA
sh,a,ll;SH,AE,L;s; AE
a;AH;s; 
a;AH;s; 
s,i,l,k,e,n;S,IH,L,K,AH,N;s; IH
w,a,n,t,o,n;W,AA,N,T,ǝ,N;s; AA
ou,r;OW,R;s; 
f,ie,l,d,s;F,IY,L,D,Z;s; IY
a,n,d;AH,N,D;s; 
f,l,e,sh;F,L,EH,SH;s; 
h,i,s;HH,IH,Z;s; IH
s,p,i,r,i,t;S,P,IH,R,AH,T;s; IH
i,n;IH,N;s; IH
a;AH;s; 
th,e;DH,AH;s; 
ai,r;EH,R;s; 
w,i,th;W,IH,DH;s; IH
i,d,l,y;AY,D,L,IY;s; AY,IY
s,p,r,ea,d;S,P,R,EH,D;s; 
a,n,d;AH,N,D;s; 
n,o;N,OW;s; 
ch,e,ck;CH,EH,K;s; 
l,e,t;L,EH,T;s; 
u,s;AH,S;s; 
m,y;M,AY;s; AY
t,o;T,UW;s; UW
a,r,m,s;AA,R,M,Z;s; AA
p,e,r,ch,a,ce;P,ER,CH,AE,N,S;s; AE
th,e;DH,AH;s; 
c,a,r,d,i,n,a,l;K,AA,R,D,AH,N,AH,L;s; AA
c,a,nn,o,t;K,AE,N,AA,T;s; AE,AA
y,ou,r;Y,AO,R;s; AO
o,r;AO,R;s; AO
i,f;IH,F;s; IH
h,e;HH,IY;s; IY
d,o;D,OW;s; 
l,e,t;L,EH,T;s; 
i,t;IH,T;s; IH
a,t;AE,T;s; AE
l,ea,s,t;L,IY,S,T;s; IY
b,e;B,IY;s; IY
s,ai,d;S,EH,D;s; 
w,e;W,IY;s; IY
h,a,d;HH,AE,D;s; AE
a;AH;s; 
o,f;AH,V;s; 
th,e,n;DH,EH,N;s; 
w,i,th;W,IH,DH;s; IH
g,oo,d;G,UH,D;s; UH
y,e,t;Y,EH,T;s; 
i;AY;s; AY
ou,r;OW,R;s; 
p,a,r,t,y;P,AA,R,T,IY;s; AA,IY
w,e,ll;W,EH,L;s; 
m,ee,t;M,IY,T;s; IY
a;AH;s; 
f,oe;F,OW;s; 
t,o;T,UW;s; UW
th,e;DH,AH;s; 
f,ai,r;F,EH,R;s; 
o,f;AH,V;s; 
th,e;DH,AH;s; 
l,e,t;L,EH,T;s; 
m,e;M,IY;s; IY
i;AY;s; AY
a,m;AE,M;s; AE
s,e,n,t;S,EH,N,T;s; 
t,o;T,UW;s; UW
s,p,ea,k;S,P,IY,K;s; IY
m,y;M,AY;s; AY
h,o,l,y;HH,OW,L,IY;s; IY
l,o,r,d;L,AO,R,D;s; AO
o,f;AH,V;s; 
m,i,l,a,n;M,AH,L,AA,N;s; AA
f,r,o,m;F,R,AH,M;s; 
th,e;DH,AH;s; 
i;AY;s; AY
t,o;T,UW;s; UW
y,ou;Y,UW;s; UW
d,ea,l,t;D,EH,L,T;s; 
f,o,r;F,AO,R;s; AO
h,i,m;HH,IH,M;s; IH
a,n,d;AH,N,D;s; 
a,s;AE,Z;s; AE
y,ou;Y,UW;s; UW
i;AY;s; AY
d,o;D,OW;s; 
th,e;DH,AH;s; 
a,n,d;AH,N,D;s; 
w,a,rr,a,n,t;W,AA,r,ǝ,N,T;s; AA
l,i,m,i,t,e,d;L,IH,M,AH,T,AH,D;s; IH
u,n,t,o;AH,N,T,UW;s; UW
m,y;M,AY;s; AY
b,y;B,AY;s; AY
a,ll;AA,L;s; AA
th,e;DH,AH;s; 
b,l,oo,d;B,L,AH,D;s; 
th,a,t;DH,AE,T;s; AE
th,e;DH,AH;s; 
y,ou,th;Y,UW,TH;s; UW
w,e,ll;W,EH,L;s; 
ou,r;OW,R;s; 
e,n,g,l,i,sh;IH,NG,G,L,IH,SH;s; IH,IH
f,o,r;F,AO,R;s; AO
th,u,s;DH,ɤ,S;s; 
h,i,s;HH,IH,Z;s; IH
d,o,th;D,AO,TH;s; AO
s,p,ea,k;S,P,IY,K;s; IY
i,n;IH,N;s; IH
m,e;M,IY;s; IY
h,e;HH,IY;s; IY
i,s;IH,Z;s; IH
r,ea,s,o,n;r,EH,Z,ǝ,N;s; 
t,oo;T,UW;s; UW
h,e;HH,IY;s; IY
th,i,s;DH,IH,S;s; IH
a,p,i,sh;EH,P,IH,SH;s; IH
a,n,d;AH,N,D;s; 
a,pp,p,r,oa,ch;ǝ,P,r,OW,T,SH;s; 
th,i,s;DH,IH,S;s; IH
a,n,d;AH,N,D;s; 
r,e,v,e,l;R,EH,V,AH,L;s; 
th,i,s;DH,IH,S;s; IH
a,n,d;AH,N,D;s; 
t,r,oo,p,s;T,R,UW,P,S;s; UW
th,e;DH,AH;s; 
d,o,th;D,AO,TH;s; AO
a,t;AE,T;s; AE
a,n,d;AH,N,D;s; 
i,s;IH,Z;s; IH
w,e,ll;W,EH,L;s; 
t,o;T,UW;s; UW
wh,i,p;ʍ,IH,P;s; IH
th,i,s;DH,IH,S;s; IH
w,a,r;W,AO,R;s; AO
p,i,g,m,y;P,IH,G,M,IY;s; IH,IY
a,r,m,s;AA,R,M,Z;s; AA
f,r,o,m;F,R,AH,M;s; 
ou,t;AW,T;s; 
th,e;DH,AH;s; 
o,f;AH,V;s; 
h,i,s;HH,IH,Z;s; IH
t,e,rr,i,t,o,r,ie,s;T,EH,R,AH,T,AO,R,IY,Z;s; AO,IY
th,a,t;DH,AE,T;s; AE
h,a,d;HH,AE,D;s; AE
th,e;DH,AH;s; 
s,t,r,e,n,g,th;S,T,R,EH,NG,K,TH;s; 
e,v,e,n;IY,V,IH,N;s; IY,IH
a,t;AE,T;s; AE
y,ou,r;Y,AO,R;s; AO
d,oo,r;D,AO,R;s; AO
t,o;T,UW;s; UW
c,u,d,g,e,l;K,ɤ,D,ZH,ǝ,L;s; 
y,ou;Y,UW;s; UW
a,n,d;AH,N,D;s; 
y,ou;Y,UW;s; UW
th,e;DH,AH;s; 
t,o;T,UW;s; UW
b,u,ck,e,t,s;B,AH,K,AH,T,S;s; 
i,n;IH,N;s; IH
t,o;T,UW;s; UW
i,n;IH,N;s; IH
l,i,tt,e,r;L,IH,T,ǝ,R;s; IH
o,f;AH,V;s; 
y,ou,r;Y,AO,R;s; AO
p,l,a,n,k,s;P,L,AE,NG,K,S;s; AE
t,o;T,UW;s; UW
u,p;AH,P;s; 
i,n;IH,N;s; IH
ch,e,s,t,s;CH,EH,S,T,S;s; 
a,n,d;AH,N,D;s; 
t,r,u,n,k,s;T,r,ɤ,NG,K,S;s; 
t,o;T,UW;s; UW
h,u,g;HH,AH,G;s; 
w,i,th;W,IH,DH;s; IH
t,o;T,UW;s; UW
s,ee,k;S,IY,K;s; IY
s,w,ee,t;S,W,IY,T;s; IY
s,a,f,e,t,y;S,EH,F,T,ǝ,IH;s; IH
ou,t;AW,T;s; 
i,n;IH,N;s; IH
v,au,l,t,s;V,AO,L,T,S;s; AO
a,n,d;AH,N,D;s; 
p,r,i,s,o,n,s;P,R,IH,Z,AH,N,Z;s; IH
a,n,d;AH,N,D;s; 
t,o;T,UW;s; UW
a,n,d;AH,N,D;s; 
e,v,e,n;IY,V,IH,N;s; IY,IH
a,t;AE,T;s; AE
th,e;DH,AH;s; 
c,r,y,i,n,g;K,r,ǝ,IH,IH,N;s; IH,IH
o,f;AH,V;s; 
y,ou,r;Y,AO,R;s; AO
th,i,s;DH,IH,S;s; IH
a,n;AE,N;s; AE
sh,a,ll;SH,AE,L;s; AE
th,a,t;DH,AE,T;s; AE
b,e;B,IY;s; IY
th,a,t;DH,AE,T;s; AE
i,n;IH,N;s; IH
y,ou,r;Y,AO,R;s; AO
y,ou;Y,UW;s; UW
n,o;N,OW;s; 
th,e;DH,AH;s; 
g,a,ll,a,n,t;G,AE,L,AH,N,T;s; AE
m,o,n,a,r,ch;M,AA,N,AA,R,K;s; AA,AA
i,s;IH,Z;s; IH
i,n;IH,N;s; IH
a,r,m,s;AA,R,M,Z;s; AA
a,n,d;AH,N,D;s; 
a,n;AE,N;s; AE
h,i,s;HH,IH,Z;s; IH
ae,r,ie;EH,R,IY;s; IY
t,o;T,UW;s; UW
a,nn,o,y,a,ce;AH,N,OY,AH,N,S;s; 
th,a,t;DH,AE,T;s; AE
n,ea,r;N,IY,R;s; IY
h,i,s;HH,IH,Z;s; IH
n,e,s,t;N,EH,S,T;s; 
a,n,d;AH,N,D;s; 
y,ou;Y,UW;s; UW
d,e,g,e,n,e,r,te;D,IH,JH,EH,N,ER,AH,T;s; IH
y,ou;Y,UW;s; UW
r,e,v,o,l,t,s;r,IH,V,ɒ,L,T,S;s; IH
y,ou;Y,UW;s; UW
b,l,oo,d,y;B,L,AH,D,IY;s; IY
u,p;AH,P;s; 
th,e;DH,AH;s; 
o,f;AH,V;s; 
y,ou,r;Y,AO,R;s; AO
d,ea,r;D,IY,R;s; IY
e,n,g,l,a,n,d;IH,NG,G,L,AH,N,D;s; IH
b,l,u,sh;B,L,ɤ,SH;s; 
f,o,r;F,AO,R;s; AO
f,o,r;F,AO,R;s; AO
y,ou,r;Y,AO,R;s; AO
l,a,d,ie,s;L,EY,D,IY,Z;s; EY,IY
a,n,d;AH,N,D;s; 
p,a,l,e,-,v,i,s,a,g,e,d;ˌ,P,EH,L,-,V,IH,Z,IH,D,ZH,D;s; IH,IH
m,ai,d,s;M,EY,D,Z;s; EY
a,f,t,e,r;AW,F,T,ǝ,R;s; 
d,r,u,m,s;D,R,AH,M,Z;s; 
th,ei,r;DH,EH,R;s; 
i,n,t,o;IH,N,T,UW;s; IH,UW
th,ei,r;DH,EH,R;s; 
n,ee,d,l,e,s;N,IY,D,AH,L,Z;s; IY
t,o;T,UW;s; UW
a,n,d;AH,N,D;s; 
th,ei,r;DH,EH,R;s; 
h,ea,r,t,s;HH,AA,R,T,S;s; AA
t,o;T,UW;s; UW
a,n,d;AH,N,D;s; 
b,l,oo,d,y;B,L,AH,D,IY;s; IY
n,o;N,OW;s; 
i;AY;s; AY
w,i,ll;W,IH,L;s; IH
s,p,ea,k;S,P,IY,K;s; IY
i,n,d,ee,d;IH,N,D,IY,D;s; IH,IY
y,ou,r;Y,AO,R;s; AO
d,r,u,m,s;D,R,AH,M,Z;s; 
b,ei,n,g;B,IY,IH,NG;s; IY,IH
b,ea,t,e,n;B,IY,T,ə,N;s; IY
w,i,ll;W,IH,L;s; IH
ou,t;AW,T;s; 
a,n,d;AH,N,D;s; 
s,o;S,OW;s; 
sh,a,ll;SH,AE,L;s; AE
y,ou;Y,UW;s; UW
b,ei,n,g;B,IY,IH,NG;s; IY,IH
b,ea,t,e,n;B,IY,T,ə,N;s; IY
d,o;D,OW;s; 
b,u,t;B,AH,T;s; 
s,t,a,r,t;S,T,AA,R,T;s; AA
a,n;AE,N;s; AE
e,ch,o;e,K,OW;s; 
w,i,th;W,IH,DH;s; IH
th,e;DH,AH;s; 
o,f;AH,V;s; 
d,r,u,m;D,R,AH,M;s; 
a,n,d;AH,N,D;s; 
e,v,e,n;IY,V,IH,N;s; IY,IH
a,t;AE,T;s; AE
a;AH;s; 
d,r,u,m;D,R,AH,M;s; 
i,s;IH,Z;s; IH
r,ea,d,y;R,EH,D,IY;s; IY
th,a,t;DH,AE,T;s; AE
sh,a,ll;SH,AE,L;s; AE
r,e,v,e,r,b,e,r,te;r,IH,V,ɐ,R,B,r,ǝ,T;s; IH
a,ll;AA,L;s; AA
a,s;AE,Z;s; AE
a,s;AE,Z;s; AE
b,u,t;B,AH,T;s; 
a,n,o,th,e,r;ǝ,N,ɤ,DH,ǝ,R;s; 
a,n,d;AH,N,D;s; 
a,n,o,th,e,r;ǝ,N,ɤ,DH,ǝ,R;s; 
sh,a,ll;SH,AE,L;s; AE
a,s;AE,Z;s; AE
a,s;AE,Z;s; AE
th,e;DH,AH;s; 
ea,r;IY,R;s; IY
a,n,d;AH,N,D;s; 
m,o,ck;M,AA,K;s; AA
th,e;DH,AH;s; 
f,o,r;F,AO,R;s; AO
a,t;AE,T;s; AE
n,o,t;N,AA,T;s; AA
t,o;T,UW;s; UW
th,i,s;DH,IH,S;s; IH
wh,o,m;HH,UW,M;s; UW
h,e;HH,IY;s; IY
h,a,th;HH,AE,TH;s; AE
u,s,e,d;Y,UW,Z,D;s; UW
f,o,r;F,AO,R;s; AO
s,p,o,r,t;S,P,AO,R,T;s; AO
th,a,n;DH,AE,N;s; AE
n,ee,d;N,IY,D;s; IY
i,s;IH,Z;s; IH
a,n,d;AH,N,D;s; 
i,n;IH,N;s; IH
h,i,s;HH,IH,Z;s; IH
s,i,t,s;S,IH,T,S;s; IH
a;AH;s; 
d,ea,th;D,EH,TH;s; 
i,s;IH,Z;s; IH
th,i,s;DH,IH,S;s; IH
t,o;T,UW;s; UW
f,ea,s,t;F,e,S,T;s; 
u,p,o,n;AH,P,AA,N;s; AA
th,ou,s,a,n,d,s;TH,AW,Z,AH,N,D,Z;s; 
o,f;AH,V;s; 
th,e;DH,AH;s; 
f,r,e,n,ch;F,R,EH,N,CH;s; 
a,n,d;AH,N,D;s; 
th,ou;DH,AW;s; 
sh,a,l,t;SH,AE,L,T;s; AE
i,t;IH,T;s; IH
d,o;D,OW;s; 
n,o,t;N,AA,T;s; AA
d,ou,b,t;D,ǝ,UH,T;s; UH
a;AH;s; 
f,r,ie,n,d;F,R,EH,N,D;s; 
wh,a,t;W,AH,T;s; 
a,r,t;AA,R,T;s; AA
th,ou;DH,AW;s; 
d,o,s,t;D,AA,S,T;s; AA
th,ou;DH,AW;s; 
g,o;G,OW;s; 
wh,h,y;ʍ,ǝ,IH;s; IH
n,o,t;N,AA,T;s; AA
i;AY;s; AY
d,e,m,a,n,d;D,IH,M,AW,N,D;s; IH
o,f;AH,V;s; 
a,ff,ai,r,s;AH,F,EH,R,Z;s; 
a,s;AE,Z;s; AE
w,e,ll;W,EH,L;s; 
a,s;AE,Z;s; AE
th,ou;DH,AW;s; 
o,f;AH,V;s; 
h,u,b,e,r,t;Y,UW,B,ǝ,R,T;s; UW
i;AY;s; AY
th,i,n,k;TH,IH,NG,K;s; IH
wh,o;HH,UW;s; UW
th,ou;DH,AW;s; 
w,i,l,t;W,IH,L,T;s; IH
a,n;AE,N;s; AE
i,f;IH,F;s; IH
th,ou;DH,AW;s; 
th,ou;DH,AW;s; 
b,e,f,r,ie,n,d;B,IH,F,R,EH,N,D;s; IH
m,e;M,IY;s; IY
s,o;S,OW;s; 
a,s;AE,Z;s; AE
t,o;T,UW;s; UW
th,i,n,k;TH,IH,NG,K;s; IH
i;AY;s; AY
o,f;AH,V;s; 
th,e;DH,AH;s; 
s,a,n,s;S,AW,N,Z;s; 
c,o,m,p,l,i,m,e,n,t;K,AA,M,P,L,AH,M,EH,N,T;s; AA
wh,a,t;W,AH,T;s; 
a,b,r,oa,d;AH,B,R,AO,D;s; AO
b,r,ie,f;B,R,IY,F;s; IY
th,e,n;DH,EH,N;s; 
a,n,d;AH,N,D;s; 
th,e;DH,AH;s; 
m,e;M,IY;s; IY
th,e;DH,AH;s; 
v,e,r,y;V,EH,R,IY;s; IY
o,f;AH,V;s; 
th,i,s;DH,IH,S;s; IH
i,ll;IH,L;s; IH
i;AY;s; AY
a,m;AE,M;s; AE
n,o;N,OW;s; 
w,o,m,a,n;W,UH,M,AH,N;s; UH
n,o,t;N,AA,T;s; AA
s,w,oo,n;S,W,UW,N;s; UW
a,t;AE,T;s; AE
i,t;IH,T;s; IH
d,i,d;D,IH,D;s; IH
h,e;HH,IY;s; IY
i,t;IH,T;s; IH
wh,o;HH,UW;s; UW
d,i,d;D,IH,D;s; IH
t,o;T,UW;s; UW
h,i,m;HH,IH,M;s; IH
wh,o;HH,UW;s; UW
th,ou;DH,AW;s; 
t,o;T,UW;s; UW
t,e,n,d;T,EH,N,D;s; 
h,i,s;HH,IH,Z;s; IH
m,a,j,e,s,t,y;M,AE,JH,AH,S,T,IY;s; AE,IY
i,n,d,i,g,n,a,t,io,n;IH,N,D,IH,G,N,EY,SH,AH,N;s; IH,IH,EY
m,i,g,h,t,y;M,ǝ,IH,T,ǝ,IH;s; IH,IH
g,o,d;G,AA,D;s; AA
a,n,d;AH,N,D;s; 
t,e,m,p,t;T,EH,M,P,T;s; 
u,s;AH,S;s; 
n,o,t;N,AA,T;s; AA
t,o;T,UW;s; UW
b,ea,r;B,EH,R;s; 
ou,r;OW,R;s; 
t,e,ll;T,EH,L;s; 
th,ee;DH,IY;s; IY
h,u,b,e,r,t;Y,UW,B,ǝ,R,T;s; UW
m,y;M,AY;s; AY
th,i,s;DH,IH,S;s; IH
f,l,a,t,s;F,L,AE,T,S;s; AE
t,a,k,e,n;T,EY,K,AH,N;s; EY
b,y;B,AY;s; AY
th,e;DH,AH;s; 
w,a,sh,e,s;W,AA,SH,IH,Z;s; AA,IH
th,e,m;DH,EH,M;s; 
m,y,s,e,l,f;M,AY,S,EH,L,F;s; AY
w,e,ll;W,EH,L;s; 
h,a,r,d,l,y;HH,AA,R,D,L,IY;s; AA,IY
e,sc,a,p,e,d;IH,S,K,EY,P,T;s; IH,EY
c,o,n,d,u,c,t;K,ɒ,N,D,ǝ,K,T;s; 
m,e;M,IY;s; IY
t,o;T,UW;s; UW
th,e;DH,AH;s; 
i;AY;s; AY
d,ou,b,t;D,ǝ,UH,T;s; UH
h,e;HH,IY;s; IY
w,i,ll;W,IH,L;s; IH
b,e;B,IY;s; IY
d,ea,d;D,EH,D;s; 
o,r;AO,R;s; AO
i;AY;s; AY
o;OW;s; 
i;AY;s; AY
a,m;AE,M;s; AE
w,i,th;W,IH,DH;s; IH
m,y;M,AY;s; AY
a,n,d;AH,N,D;s; 
s,p,l,ee,n;S,P,L,IY,N;s; IY
o,f;AH,V;s; 
s,p,ee,d;S,P,IY,D;s; IY
t,o;T,UW;s; UW
s,ee;S,IY;s; IY
y,ou,r;Y,AO,R;s; AO
m,a,j,e,s,t,y;M,AE,JH,AH,S,T,IY;s; AE,IY
th,e;DH,AH;s; 
i,s;IH,Z;s; IH
h,i,th,e,r,w,a,r,d;IH,DH,ǝ,R,ˌ,W,AA,R,D;s; IH,AA
g,o,d;G,AA,D;s; AA
h,e;HH,IY;s; IY
w,e;W,IY;s; IY
sh,a,ll;SH,AE,L;s; AE
h,i,m;HH,IH,M;s; IH
f,o,r;F,AO,R;s; AO
i,n;IH,N;s; IH
a;AH;s; 
th,e;DH,AH;s; 
b,e,s,t;B,EH,S,T;s; 
p,a,r,t;P,AA,R,T;s; AA
o,f;AH,V;s; 
m,y;M,AY;s; AY
a,s;AE,Z;s; AE
i;AY;s; AY
u,p,o,n;AH,P,AA,N;s; AA
d,i,d;D,IH,D;s; IH
w,re;W,ER;s; 
i,n;IH,N;s; IH
th,e;DH,AH;s; 
w,a,sh,e,s;W,AA,SH,IH,Z;s; AA,IH
a,ll;AA,L;s; AA
b,y;B,AY;s; AY
th,e;DH,AH;s; 
f,l,oo,d;F,L,AH,D;s; 
a,r,t;AA,R,T;s; AA
th,ou;DH,AW;s; 
s,o;S,OW;s; 
i;AY;s; AY
d,o;D,OW;s; 
b,u,t;B,AH,T;s; 
b,e,h,i,n,d;B,IH,ə,IH,N,D;s; IH,IH
t,o;T,UW;s; UW
d,o;D,OW;s; 
th,e;DH,AH;s; 
f,o,r;F,AO,R;s; AO
th,ee;DH,IY;s; IY
o,f;AH,V;s; 
a,n,d;AH,N,D;s; 
th,e,n;DH,EH,N;s; 
m,y;M,AY;s; AY
s,ou,l;S,OW,L;s; 
sh,a,ll;SH,AE,L;s; AE
w,ai,t;W,EH,T;s; 
o,n;AA,N;s; AA
th,ee;DH,IY;s; IY
t,o;T,UW;s; UW
h,ea,v,e,n;HH,EH,V,AH,N;s; 
a,s;AE,Z;s; AE
i,t;IH,T;s; IH
o,n;AA,N;s; AA
h,a,th;HH,AE,TH;s; AE
b,ee,n;B,IH,N;s; IH
s,e,r,v,a,n,t;S,ɐ,R,V,ǝ,N,T;s; 
s,t,i,ll;S,T,IH,L;s; IH
y,ou;Y,UW;s; UW
s,t,a,r,s;S,T,AA,R,Z;s; AA
th,a,t;DH,AE,T;s; AE
i,n;IH,N;s; IH
y,ou,r;Y,AO,R;s; AO
b,e;B,IY;s; IY
y,ou,r;Y,AO,R;s; AO
y,ou,r;Y,AO,R;s; AO
m,e,n,d,e,d;M,EH,N,D,IH,D;s; IH
a,n,d;AH,N,D;s; 
i,n,s,t,a,n,t,l,y;IH,N,S,T,AH,N,T,L,IY;s; IH,IY
r,e,t,u,r,n;r,IH,T,ɐ,R,N;s; IH
w,i,th;W,IH,DH;s; IH
m,e;M,IY;s; IY
a,g,ai,n;ǝ,ɡ,EH,N;s; 
t,o;T,UW;s; UW
p,u,sh;P,UH,SH;s; UH
d,e,s,t,r,u,c,t,io,n;D,IH,S,T,R,AH,K,SH,AH,N;s; IH
a,n,d;AH,N,D;s; 
p,e,r,p,e,t,ua,l;P,ER,P,EH,CH,UW,AH,L;s; UW
ou,t;AW,T;s; 
o,f;AH,V;s; 
th,e;DH,AH;s; 
w,ea,k;W,IY,K;s; IY
d,oo,r;D,AO,R;s; AO
o,f;AH,V;s; 
ou,r;OW,R;s; 
l,a,n,d;L,AE,N,D;s; AE
l,e,t;L,EH,T;s; 
u,s;AH,S;s; 
s,ee,k;S,IY,K;s; IY
o,r;AO,R;s; AO
w,e;W,IY;s; IY
sh,a,ll;SH,AE,L;s; AE
b,e;B,IY;s; IY
th,e;DH,AH;s; 
a,t;AE,T;s; AE
ou,r;OW,R;s; 
v,e,r,y;V,EH,R,IY;s; IY
h,e;HH,IY;s; IY
w,i,ll;W,IH,L;s; IH
th,e;DH,AH;s; 
d,o;D,OW;s; 
i,t;IH,T;s; IH
wh,e,n;ʍ,e,N;s; 
h,e;HH,IY;s; IY
s,ee,s;S,IY,Z;s; IY
t,o;T,UW;s; UW
ou,r;OW,R;s; 
l,e,t;L,EH,T;s; 
i,t;IH,T;s; IH
b,e;B,IY;s; IY
y,ou;Y,UW;s; UW
m,y;M,AY;s; AY
w,i,th;W,IH,DH;s; IH
p,r,i,n,c,e,s;P,R,IH,N,S,AH,Z;s; IH
th,a,t;DH,AE,T;s; AE
b,e,s,t;B,EH,S,T;s; 
b,e;B,IY;s; IY
sh,a,ll;SH,AE,L;s; AE
w,ai,t;W,EH,T;s; 
u,p,o,n;AH,P,AA,N;s; AA
y,ou,r;Y,AO,R;s; AO
f,u,n,e,r,a,l;F,Y,UW,N,ER,AH,L;s; UW
sh,a,ll;SH,AE,L;s; AE
i,t;IH,T;s; IH
th,e,n;DH,EH,N;s; 
a,n,d;AH,N,D;s; 
y,ou,r;Y,AO,R;s; AO
s,w,ee,t;S,W,IY,T;s; IY
s,e,l,f;S,EH,L,F;s; 
p,u,t;P,UH,T;s; UH
o,n;AA,N;s; AA
th,e;DH,AH;s; 
a,n,d;AH,N,D;s; 
o,f;AH,V;s; 
th,e;DH,AH;s; 
l,a,n,d;L,AE,N,D;s; AE
t,o;T,UW;s; UW
wh,o,m;HH,UW,M;s; UW
w,i,th;W,IH,DH;s; IH
a,ll;AA,L;s; AA
s,u,b,m,i,ss,io,n;S,AH,B,M,IH,SH,AH,N;s; IH
o,n;AA,N;s; AA
m,y;M,AY;s; AY
i;AY;s; AY
d,o;D,OW;s; 
m,y;M,AY;s; AY
s,e,r,v,i,c,e,s;S,ɐ,R,V,IH,S,IH,Z;s; IH,IH
a,n,d;AH,N,D;s; 
t,r,ue;T,R,UW;s; UW
o;OW;s; 
l,e,t;L,EH,T;s; 
u,s;AH,S;s; 
th,e;DH,AH;s; 
b,u,t;B,AH,T;s; 
n,ee,d,f,u,l;N,IY,D,F,AH,L;s; IY
w,oe;W,OW;s; 
i,t;IH,T;s; IH
h,a,th;HH,AE,TH;s; AE
b,ee,n;B,IH,N;s; IH
w,i,th;W,IH,DH;s; IH
ou,r;OW,R;s; 
th,i,s;DH,IH,S;s; IH
e,n,g,l,a,n,d;IH,NG,G,L,AH,N,D;s; IH
n,e,v,e,r;N,e,V,ǝ,R;s; 
d,i,d;D,IH,D;s; IH
n,o,r;N,AO,R;s; AO
n,e,v,e,r;N,e,V,ǝ,R;s; 
sh,a,ll;SH,AE,L;s; AE
a,t;AE,T;s; AE
th,e;DH,AH;s; 
f,oo,t;F,UH,T;s; UH
o,f;AH,V;s; 
a;AH;s; 
b,u,t;B,AH,T;s; 
wh,e,n;ʍ,e,N;s; 
i,t;IH,T;s; IH
d,i,d;D,IH,D;s; IH
t,o;T,UW;s; UW
i,t,s,e,l,f;IH,T,S,EH,L,F;s; IH
p,r,i,n,c,e,s;P,R,IH,N,S,AH,Z;s; IH
h,me;OW,M;s; 
a,g,ai,n;ǝ,ɡ,EH,N;s; 
th,e;DH,AH;s; 
c,o,r,n,e,r,s;K,AO,R,N,ǝ,R,Z;s; AO
o,f;AH,V;s; 
th,e;DH,AH;s; 
i,n;IH,N;s; IH
a,r,m,s;AA,R,M,Z;s; AA
a,n,d;AH,N,D;s; 
w,e;W,IY;s; IY
sh,a,ll;SH,AE,L;s; AE
sh,o,ck;SH,AA,K;s; AA
th,e,m;DH,EH,M;s; 
sh,a,ll;SH,AE,L;s; AE
u,s;AH,S;s; 
r,ue;R,UW;s; UW
i,f;IH,F;s; IH
e,n,g,l,a,n,d;IH,NG,G,L,AH,N,D;s; IH
t,o;T,UW;s; UW
i,t,s,e,l,f;IH,T,S,EH,L,F;s; IH
d,o;D,OW;s; 
r,e,s,t;R,EH,S,T;s; 
b,u,t;B,AH,T;s; 
t,r,ue;T,R,UW;s; UW
