character,gender,role,genre
1H4_Archbishop,m,other,history
1H4_Bardolph,m,other,history
1H4_Bedford,m,other,history
1H4_Blunt,m,other,history
1H4_Chamberlain,m,other,history
1H4_DRAWERS.Francis,m,other,history
1H4_Douglas,m,other,history
1H4_Falstaff,m,fool,history
1H4_Gadshill,m,other,history
1H4_Glendower,m,other,history
1H4_HenryIV,m,other,history
1H4_HenryV,m,protag,history
1H4_Hotspur,m,antag,history
1H4_LadyPercy,f,other,history
1H4_MESSENGERS.1,m,other,history
1H4_MESSENGERS.2,m,other,history
1H4_MESSENGERS.X,m,other,history
1H4_MistressQuickly,f,other,history
1H4_Mortimer,m,other,history
1H4_Northumberland,m,other,history
1H4_Ostler,m,other,history
1H4_Peto,m,other,history
1H4_Poins,m,other,history
1H4_SERVANTS.HOTSPUR.1,m,other,history
1H4_Sheriff,m,other,history
1H4_SirMichael,m,other,history
1H4_TRAVELERS.CARRIERS,m,other,history
1H4_TRAVELERS.CARRIERS.1,m,other,history
1H4_TRAVELERS.CARRIERS.2,m,other,history
1H4_TRAVELERS.CARRIERS.X,m,other,history
1H4_TRAVELERS.GENTLEMEN,m,other,history
1H4_TRAVELERS.GENTLEMEN.0.1,m,other,history
1H4_Vernon,m,other,history
1H4_Vintner,m,other,history
1H4_Westmoreland,m,other,history
1H4_Worcester,m,other,history
1H6_Alanson,m,other,history
1H6_Basset,m,other,history
1H6_Bastard,m,other,history
1H6_Bedford,m,other,history
1H6_Boy,m,other,history
1H6_Burgundy,m,other,history
1H6_CardinalBeaufort,m,other,history
1H6_Charles,m,antag,history
1H6_Countess,f,other,history
1H6_Exeter,m,other,history
1H6_Fastolf,m,other,history
1H6_Gargrave,m,other,history
1H6_General,m,other,history
1H6_Glansdale,m,other,history
1H6_Gloucester,m,other,history
1H6_HenryVI,m,protag,history
1H6_JAILERS.0.1,m,other,history
1H6_JohnTalbot,m,other,history
1H6_Lawyer,m,other,history
1H6_Legate,m,other,history
1H6_Lucy,m,other,history
1H6_MESSENGERS.ENGLISH.1,m,other,history
1H6_MESSENGERS.ENGLISH.2,m,other,history
1H6_MESSENGERS.ENGLISH.3,m,other,history
1H6_MESSENGERS.ENGLISH.X.1,m,other,history
1H6_MESSENGERS.ENGLISH.X.2,m,other,history
1H6_MESSENGERS.FRENCH.1,m,other,history
1H6_MasterGunner,m,other,history
1H6_Mayor,m,other,history
1H6_Mortimer,m,other,history
1H6_OFFICERS.0.1,m,other,history
1H6_Porter,m,other,history
1H6_Pucelle,f,other,history
1H6_QueenMargaret,f,other,history
1H6_Reignier,m,other,history
1H6_SERVANTS.1,m,other,history
1H6_SERVANTS.2,m,other,history
1H6_SERVANTS.3,m,other,history
1H6_SERVANTS.GLOUCESTER,m,other,history
1H6_SERVANTS.GLOUCESTER.0.1,m,other,history
1H6_SERVANTS.GLOUCESTER.0.2,m,other,history
1H6_SERVANTS.TALBOT.1,m,other,history
1H6_SERVANTS.WINCHESTER.0.1,m,other,history
1H6_SOLDIERS.ENGLISH.0.1,m,other,history
1H6_SOLDIERS.ENGLISH.1,m,other,history
1H6_SOLDIERS.ENGLISH.Captain,m,other,history
1H6_SOLDIERS.ENGLISH.SOMERSET.0.1,m,other,history
1H6_SOLDIERS.FRENCH.PUCELLE.0.1,m,other,history
1H6_SOLDIERS.FRENCH.Scout,m,other,history
1H6_SOLDIERS.FRENCH.Sergeant,m,other,history
1H6_Salisbury,m,other,history
1H6_Shepherd,m,other,history
1H6_Somerset,m,other,history
1H6_Suffolk,m,other,history
1H6_Talbot,m,other,history
1H6_Vernon,m,other,history
1H6_WARDERS.1,m,other,history
1H6_WARDERS.2,m,other,history
1H6_WATCHMEN.1,m,other,history
1H6_Warwick,m,other,history
1H6_Watchman,m,other,history
1H6_Woodville,m,other,history
1H6_York,m,other,history
2H4_Archbishop,m,other,history
2H4_BEADLES.0.1,m,other,history
2H4_Bardolph,m,other,history
2H4_Bedford,m,other,history
2H4_Bullcalf,m,other,history
2H4_ChiefJustice,m,antag,history
2H4_Chorus,m,other,history
2H4_Clarence,m,other,history
2H4_Colevile,m,other,history
2H4_DRAWERS.1,m,other,history
2H4_DRAWERS.Francis,m,other,history
2H4_DRAWERS.Will,m,other,history
2H4_DRAWERS.X,m,other,history
2H4_Davy,m,other,history
2H4_DollTearsheet,f,other,history
2H4_Epilogue,m,other,history
2H4_Falstaff,m,fool,history
2H4_Feeble,m,other,history
2H4_GROOMS.1,m,other,history
2H4_GROOMS.2,m,other,history
2H4_Gloucester,m,other,history
2H4_Harcourt,m,other,history
2H4_Hastings,m,other,history
2H4_HenryIV,m,other,history
2H4_HenryV,m,protag,history
2H4_LadyNorthumberland,f,other,history
2H4_LadyPercy,f,other,history
2H4_LordBardolph,m,other,history
2H4_MESSENGERS.1,m,other,history
2H4_MESSENGERS.Gower,m,other,history
2H4_MistressQuickly,f,other,history
2H4_Morton,m,other,history
2H4_Mouldy,m,other,history
2H4_Mowbray,m,other,history
2H4_Northumberland,m,other,history
2H4_OFFICERS.Fang,m,other,history
2H4_OFFICERS.Snare,m,other,history
2H4_Peto,m,other,history
2H4_Pistol,m,other,history
2H4_Poins,m,other,history
2H4_Porter,m,other,history
2H4_SERVANTS.CHIEFJUSTICE.1,m,other,history
2H4_SERVANTS.FALSTAFF.1,m,other,history
2H4_Shadow,m,other,history
2H4_Shallow,m,other,history
2H4_Silence,m,other,history
2H4_Travers,m,other,history
2H4_Wart,m,other,history
2H4_Warwick,m,other,history
2H4_Westmoreland,m,other,history
2H6_Beadle,m,other,history
2H6_Bevis,m,other,history
2H6_Bolingbroke,m,other,history
2H6_Buckingham,m,other,history
2H6_CITIZENS,m,other,history
2H6_CITIZENS.LONDON.0.1,m,other,history
2H6_CITIZENS.STALBANS.0.1,m,other,history
2H6_Cade,m,other,history
2H6_CardinalBeaufort,m,other,history
2H6_Clerk,m,other,history
2H6_Clifford,m,other,history
2H6_Dick,m,other,history
2H6_DuchessOfGloucester,f,other,history
2H6_EdwardIV,m,other,history
2H6_FOLLOWERS.CADE,m,other,history
2H6_FOLLOWERS.CADE.0,m,other,history
2H6_GENTLEMEN.1,m,other,history
2H6_GENTLEMEN.2,m,other,history
2H6_George,m,other,history
2H6_Gloucester,m,other,history
2H6_HERALDS.X.1,m,other,history
2H6_HenryVI,m,other,history
2H6_Holland,m,other,history
2H6_Horner,m,other,history
2H6_Hume,m,other,history
2H6_Iden,m,other,history
2H6_Jourdain,f,other,history
2H6_Lieutenant,m,other,history
2H6_MESSENGERS.1,m,other,history
2H6_MESSENGERS.2,m,other,history
2H6_MESSENGERS.Post,m,other,history
2H6_MESSENGERS.X.1,m,other,history
2H6_MESSENGERS.X.2,m,other,history
2H6_MESSENGERS.X.3,m,other,history
2H6_MURDERERS.0.1,m,other,history
2H6_MURDERERS.0.2,m,other,history
2H6_Master,m,other,history
2H6_Mate,m,other,history
2H6_MayorOfStAlbans,m,other,history
2H6_Michael,m,other,history
2H6_NEIGHBORS.1,m,other,history
2H6_NEIGHBORS.2,m,other,history
2H6_NEIGHBORS.3,m,other,history
2H6_PETITIONERS,m,other,history
2H6_PETITIONERS.0.1,m,other,history
2H6_PETITIONERS.0.2,m,other,history
2H6_PRENTICES.1,m,other,history
2H6_PRENTICES.2,m,other,history
2H6_QueenMargaret,f,other,history
2H6_RichardIII,m,other,history
2H6_SERVANTS.GLOUCESTER.0.1,m,other,history
2H6_SOLDIERS.1,m,other,history
2H6_Salisbury,m,other,history
2H6_Sawyer,m,other,history
2H6_Saye,m,other,history
2H6_Scales,m,other,history
2H6_Sheriff,m,other,history
2H6_Simpcox,m,other,history
2H6_SimpcoxWife,f,other,history
2H6_Smith,m,other,history
2H6_Somerset,m,other,history
2H6_Spirit,m,other,history
2H6_Stafford,m,other,history
2H6_Stanley,m,other,history
2H6_Suffolk,m,other,history
2H6_Thump,m,other,history
2H6_Vaux,m,other,history
2H6_Warwick,m,other,history
2H6_Whitmore,m,other,history
2H6_WilliamStafford,m,other,history
2H6_York,m,other,history
2H6_YoungClifford,m,other,history
3H6_ALDERMEN,m,other,history
3H6_ATTENDANTS.EDWARD.1,m,other,history
3H6_Clarence,m,other,history
3H6_Clifford,m,other,history
3H6_EdwardIV,m,other,history
3H6_Exeter,m,other,history
3H6_Father,m,other,history
3H6_GAMEKEEPERS.1,m,other,history
3H6_GAMEKEEPERS.2,m,other,history
3H6_Hastings,m,other,history
3H6_HenryVI,m,other,history
3H6_Huntsman,m,other,history
3H6_JohnMortimer,m,other,history
3H6_KingLewis,m,other,history
3H6_LadyBona,f,other,history
3H6_Lieutenant,m,other,history
3H6_MESSENGERS.1,m,other,history
3H6_MESSENGERS.2,m,other,history
3H6_MESSENGERS.Post,m,other,history
3H6_MESSENGERS.X.1,m,other,history
3H6_MESSENGERS.X.2,m,other,history
3H6_MESSENGERS.X.3,m,other,history
3H6_MESSENGERS.X.4,m,other,history
3H6_MESSENGERS.X.5,m,other,history
3H6_MayorOfYork,m,other,history
3H6_Montague,m,other,history
3H6_Montgomery,m,other,history
3H6_Norfolk,m,other,history
3H6_Northumberland,m,other,history
3H6_Oxford,m,other,history
3H6_PrinceEdward,m,other,history
3H6_QueenElizabeth,f,other,history
3H6_QueenMargaret,f,other,history
3H6_RichardIII,m,other,history
3H6_Rivers,m,other,history
3H6_Rutland,m,other,history
3H6_SOLDIERS.MONTGOMERY,m,other,history
3H6_SOLDIERS.YORK,m,other,history
3H6_SOLDIERS.YORK.0.1,m,other,history
3H6_Somerset,m,other,history
3H6_Somerville,m,other,history
3H6_Son,m,other,history
3H6_Tutor,m,other,history
3H6_WATCHMEN.1,m,other,history
3H6_WATCHMEN.2,m,other,history
3H6_WATCHMEN.3,m,other,history
3H6_Warwick,m,other,history
3H6_Westmorland,m,other,history
3H6_York,m,other,history
AWW_ATTENDANTS.KING.0.1,m,other,comedy
AWW_ATTENDANTS.KING.0.2,m,other,comedy
AWW_Bertram,m,antag,comedy
AWW_Countess,f,other,comedy
AWW_Diana,f,other,comedy
AWW_Duke,m,other,comedy
AWW_Epilogue,m,other,comedy
AWW_Fool,m,fool,comedy
AWW_GENTLEMEN.1,m,other,comedy
AWW_GENTLEMEN.2,m,other,comedy
AWW_GENTLEMEN.3,m,other,comedy
AWW_Helen,f,protag,comedy
AWW_King,m,other,comedy
AWW_LORDS.COURT.1,m,other,comedy
AWW_LORDS.COURT.2,m,other,comedy
AWW_LORDS.COURT.3,m,other,comedy
AWW_LORDS.COURT.4,m,other,comedy
AWW_LORDS.DUMAINE.1,m,other,comedy
AWW_LORDS.DUMAINE.2,m,other,comedy
AWW_Lafew,m,other,comedy
AWW_Mariana,f,other,comedy
AWW_Page,m,other,comedy
AWW_Parolles,m,other,comedy
AWW_SOLDIERS,m,other,comedy
AWW_SOLDIERS.0.1,m,other,comedy
AWW_SOLDIERS.Interpreter,m,other,comedy
AWW_Servant,m,other,comedy
AWW_Steward,m,other,comedy
AWW_Widow,f,other,comedy
AYL_Adam,m,other,comedy
AYL_Audrey,f,other,comedy
AYL_Celia,f,other,comedy
AYL_Charles,m,other,comedy
AYL_Corin,m,other,comedy
AYL_Dennis,m,other,comedy
AYL_DukeFrederick,m,antag,comedy
AYL_DukeSenior,m,other,comedy
AYL_Hymen,m,other,comedy
AYL_Jaques,m,other,comedy
AYL_LORDS.FREDERICK.0.1,m,other,comedy
AYL_LORDS.FREDERICK.0.2,m,other,comedy
AYL_LORDS.FREDERICK.LeBeau,m,other,comedy
AYL_LORDS.SENIOR,m,other,comedy
AYL_LORDS.SENIOR.0.1,m,other,comedy
AYL_LORDS.SENIOR.0.2,m,other,comedy
AYL_LORDS.SENIOR.Amiens,m,other,comedy
AYL_Oliver,m,other,comedy
AYL_OliverMartext,m,other,comedy
AYL_Orlando,m,other,comedy
AYL_Phoebe,f,other,comedy
AYL_Rosalind,f,protag,comedy
AYL_SERVANTS.1,m,other,comedy
AYL_SERVANTS.2,m,other,comedy
AYL_SecondBrother,m,other,comedy
AYL_Silvius,m,other,comedy
AYL_Touchstone,m,other,comedy
AYL_William,m,other,comedy
Ado_ATTENDANTS.0.1,m,other,comedy
Ado_Antonio,m,other,comedy
Ado_Balthasar,m,other,comedy
Ado_Beatrice,f,protag,comedy
Ado_Benedick,m,other,comedy
Ado_Borachio,m,other,comedy
Ado_Boy,m,other,comedy
Ado_Claudio,m,other,comedy
Ado_Conrade,m,other,comedy
Ado_Dogberry,m,fool,comedy
Ado_DonJohn,m,antag,comedy
Ado_DonPedro,m,other,comedy
Ado_FriarFrancis,m,other,comedy
Ado_Hero,f,other,comedy
Ado_Leonato,m,other,comedy
Ado_LeonatosBrother,m,other,comedy
Ado_MESSENGERS.DONPEDRO.1,m,other,comedy
Ado_MESSENGERS.LEONATO.1,m,other,comedy
Ado_MUSICIANS,m,other,comedy
Ado_Margaret,f,other,comedy
Ado_Sexton,m,other,comedy
Ado_Ursula,f,other,comedy
Ado_Verges,m,other,comedy
Ado_WATCHMEN.1,m,other,comedy
Ado_WATCHMEN.2,m,other,comedy
Ado_WATCHMEN.Seacoal,m,other,comedy
Ant_ATTENDANTS.ANTONY,m,other,tragedy
Ant_ATTENDANTS.CAESAR,m,other,tragedy
Ant_Agrippa,m,other,tragedy
Ant_Alexas,m,other,tragedy
Ant_Ambassador,m,other,tragedy
Ant_Antony,m,protag,tragedy
Ant_Boy,m,other,tragedy
Ant_CAPTAINS,m,other,tragedy
Ant_CAPTAINS.0.1,m,other,tragedy
Ant_Canidius,m,other,tragedy
Ant_Charmian,f,other,tragedy
Ant_Cleopatra,f,other,tragedy
Ant_Countryman,m,other,tragedy
Ant_Demetrius,m,other,tragedy
Ant_Diomedes,m,other,tragedy
Ant_Dolabella,m,other,tragedy
Ant_Egyptian,m,other,tragedy
Ant_Enobarbus,m,other,tragedy
Ant_Eros,m,other,tragedy
Ant_GUARDS,m,other,tragedy
Ant_GUARDS.0.1,m,other,tragedy
Ant_GUARDS.0.2,m,other,tragedy
Ant_GUARDS.0.3,m,other,tragedy
Ant_GUARDS.CAESAR.0.1,m,other,tragedy
Ant_GUARDS.CAESAR.0.2,m,other,tragedy
Ant_GUARDS.CAESAR.1,m,other,tragedy
Ant_GUARDS.Dercetus,m,other,tragedy
Ant_Gallus,m,other,tragedy
Ant_Iras,f,other,tragedy
Ant_LADIES,m,other,tragedy
Ant_Lepidus,m,other,tragedy
Ant_MESSENGERS.ANTONY.1,m,other,tragedy
Ant_MESSENGERS.ANTONY.2,m,other,tragedy
Ant_MESSENGERS.ANTONY.3,m,other,tragedy
Ant_MESSENGERS.CAESAR.1,m,other,tragedy
Ant_MESSENGERS.CAESAR.2,m,other,tragedy
Ant_MESSENGERS.X.1,m,other,tragedy
Ant_MESSENGERS.X.2,m,other,tragedy
Ant_MESSENGERS.X.3,m,other,tragedy
Ant_MESSENGERS.X.4,m,other,tragedy
Ant_MESSENGERS.X.5,m,other,tragedy
Ant_Maecenas,m,other,tragedy
Ant_Mardian,m,other,tragedy
Ant_Menas,m,other,tragedy
Ant_Octavia,f,other,tragedy
Ant_Octavius,m,antag,tragedy
Ant_Philo,m,other,tragedy
Ant_Pompey,m,other,tragedy
Ant_Proculeius,m,other,tragedy
Ant_SERVANTS,m,other,tragedy
Ant_SERVANTS.0.1,m,other,tragedy
Ant_SERVANTS.0.2,m,other,tragedy
Ant_SERVANTS.X.1,m,other,tragedy
Ant_SERVANTS.X.2,m,other,tragedy
Ant_SOLDIERS.ANTONY,m,other,tragedy
Ant_SOLDIERS.ANTONY.0.1,m,other,tragedy
Ant_SOLDIERS.ANTONY.0.2,m,other,tragedy
Ant_SOLDIERS.ANTONY.0.3,m,other,tragedy
Ant_SOLDIERS.ANTONY.0.4,m,other,tragedy
Ant_SOLDIERS.ANTONY.X.1,m,other,tragedy
Ant_SOLDIERS.ANTONY.X.2,m,other,tragedy
Ant_SOLDIERS.ANTONY.X.3,m,other,tragedy
Ant_SOLDIERS.CAESAR.X.1,m,other,tragedy
Ant_Scarus,m,other,tragedy
Ant_Seleucus,m,other,tragedy
Ant_Silius,m,other,tragedy
Ant_Soothsayer,m,other,tragedy
Ant_Taurus,m,other,tragedy
Ant_Thidias,m,other,tragedy
Ant_Varrius,m,other,tragedy
Ant_Ventidius,m,other,tragedy
Ant_WATCHMEN.1,m,other,tragedy
Ant_WATCHMEN.2,m,other,tragedy
Ant_WATCHMEN.Sentry,m,other,tragedy
Cor_AEDILES,m,other,tragedy
Cor_AEDILES.X.2,m,other,tragedy
Cor_AEDILES.X.3,m,other,tragedy
Cor_Adrian,m,other,tragedy
Cor_Aufidius,m,other,tragedy
Cor_CITIZENS.ANTIUM.1,m,other,tragedy
Cor_CITIZENS.ROMAN,m,other,tragedy
Cor_CITIZENS.ROMAN.0.1,m,other,tragedy
Cor_CITIZENS.ROMAN.0.2,m,other,tragedy
Cor_CITIZENS.ROMAN.0.3,m,other,tragedy
Cor_CITIZENS.ROMAN.1,m,other,tragedy
Cor_CITIZENS.ROMAN.2,m,other,tragedy
Cor_CITIZENS.ROMAN.3,m,other,tragedy
Cor_CITIZENS.ROMAN.4,m,other,tragedy
Cor_CITIZENS.ROMAN.5,m,other,tragedy
Cor_CITIZENS.ROMAN.6,m,other,tragedy
Cor_CITIZENS.ROMAN.7,m,other,tragedy
Cor_CITIZENS.ROMAN.8,m,other,tragedy
Cor_CITIZENS.VOLSCIAN,m,other,tragedy
Cor_CONSPIRATORS,m,other,tragedy
Cor_CONSPIRATORS.0.1,m,other,tragedy
Cor_CONSPIRATORS.0.2,m,other,tragedy
Cor_CONSPIRATORS.0.3,m,other,tragedy
Cor_Cominius,m,other,tragedy
Cor_Coriolanus,m,protag,tragedy
Cor_Gentlewoman,f,other,tragedy
Cor_Herald,m,other,tragedy
Cor_LORDS.VOLSCIAN,m,other,tragedy
Cor_LORDS.VOLSCIAN.0.1,m,other,tragedy
Cor_LORDS.VOLSCIAN.0.2,m,other,tragedy
Cor_LORDS.VOLSCIAN.0.3,m,other,tragedy
Cor_Lartius,m,other,tragedy
Cor_MESSENGERS.TRIBUNES.1,m,other,tragedy
Cor_MESSENGERS.TRIBUNES.2,m,other,tragedy
Cor_MESSENGERS.X.1,m,other,tragedy
Cor_MESSENGERS.X.2,m,other,tragedy
Cor_MESSENGERS.X.3,m,other,tragedy
Cor_MESSENGERS.X.4,m,other,tragedy
Cor_Menenius,m,other,tragedy
Cor_NOBLES.0.1,m,other,tragedy
Cor_Nicanor,m,other,tragedy
Cor_OFFICERS.1,m,other,tragedy
Cor_OFFICERS.2,m,other,tragedy
Cor_SENATORS.ROMAN,m,other,tragedy
Cor_SENATORS.ROMAN.0.1,m,other,tragedy
Cor_SENATORS.ROMAN.0.2,m,other,tragedy
Cor_SENATORS.VOLSCIAN,m,other,tragedy
Cor_SENATORS.VOLSCIAN.0.1,m,other,tragedy
Cor_SENATORS.VOLSCIAN.0.2,m,other,tragedy
Cor_SERVANTS.1,m,other,tragedy
Cor_SERVANTS.2,m,other,tragedy
Cor_SERVANTS.3,m,other,tragedy
Cor_SOLDIERS.ROMAN,m,other,tragedy
Cor_SOLDIERS.ROMAN.0.1,m,other,tragedy
Cor_SOLDIERS.ROMAN.0.2,m,other,tragedy
Cor_SOLDIERS.ROMAN.0.3,m,other,tragedy
Cor_SOLDIERS.ROMAN.Lieutenant,m,other,tragedy
Cor_SOLDIERS.VOLSCIAN.0.1,m,other,tragedy
Cor_SOLDIERS.VOLSCIAN.Lieutenant,m,other,tragedy
Cor_TRIBUNES.Brutus,m,antag,tragedy
Cor_TRIBUNES.Sicinius,m,other,tragedy
Cor_Valeria,f,other,tragedy
Cor_Virgilia,f,other,tragedy
Cor_Volumnia,f,other,tragedy
Cor_WATCHMEN.1,m,other,tragedy
Cor_WATCHMEN.2,m,other,tragedy
Cor_YoungMartius,m,other,tragedy
Cym_ATTENDANTS.0.1,m,other,tragedy
Cym_ATTENDANTS.0.2,m,other,tragedy
Cym_ATTENDANTS.1,m,other,tragedy
Cym_ATTENDANTS.2,m,other,tragedy
Cym_ATTENDANTS.3,m,other,tragedy
Cym_ATTENDANTS.CLOTEN.1,m,other,tragedy
Cym_ATTENDANTS.CLOTEN.2,m,other,tragedy
Cym_Arviragus,m,other,tragedy
Cym_Belarius,m,other,tragedy
Cym_Cloten,m,fool,tragedy
Cym_Cornelius,m,other,tragedy
Cym_Cymbeline,m,other,tragedy
Cym_Frenchman,m,other,tragedy
Cym_GHOSTS.BROTHERS.1,m,other,tragedy
Cym_GHOSTS.BROTHERS.2,m,other,tragedy
Cym_GHOSTS.Father,m,other,tragedy
Cym_GHOSTS.Mother,m,other,tragedy
Cym_Guiderius,m,other,tragedy
Cym_Iachimo,m,antag,tragedy
Cym_Imogen,f,protag,tragedy
Cym_JAILERS.1,m,other,tragedy
Cym_JAILERS.2,m,other,tragedy
Cym_Jupiter,m,other,tragedy
Cym_LADIES.IMOGEN,f,other,tragedy
Cym_LADIES.QUEEN,f,other,tragedy
Cym_LADIES.QUEEN.0.1,f,other,tragedy
Cym_Lucius,m,other,tragedy
Cym_MESSENGERS.1,m,other,tragedy
Cym_MESSENGERS.2,m,other,tragedy
Cym_MUSICIANS,m,other,tragedy
Cym_Philario,m,other,tragedy
Cym_Pisanio,m,other,tragedy
Cym_Posthumus,m,other,tragedy
Cym_Queen,f,other,tragedy
Cym_SENATORS.1,m,other,tragedy
Cym_SENATORS.2,m,other,tragedy
Cym_SOLDIERS.BRITON.0.1,m,other,tragedy
Cym_SOLDIERS.BRITON.0.2,m,other,tragedy
Cym_SOLDIERS.ROMAN.0.1,m,other,tragedy
Cym_Soothsayer,m,other,tragedy
Cym_TRIBUNES.0.1,m,other,tragedy
Err_Abbess,f,other,comedy
Err_Adriana,f,other,comedy
Err_Angelo,m,other,comedy
Err_AntipholusOfEphesus,m,antag,comedy
Err_AntipholusOfSyracuse,m,protag,comedy
Err_Balthasar,m,other,comedy
Err_Courtesan,f,other,comedy
Err_DromioOfEphesus,m,fool,comedy
Err_DromioOfSyracuse,m,fool,comedy
Err_Duke,m,other,comedy
Err_Egeon,m,other,comedy
Err_Luce,f,other,comedy
Err_Luciana,f,other,comedy
Err_Merchant1,m,other,comedy
Err_Merchant2,m,other,comedy
Err_Messenger,m,other,comedy
Err_OFFICERS.Jailer,m,other,comedy
Err_OFFICERS.X,m,other,comedy
Err_Pinch,m,other,comedy
H5_AMBASSADORS.0.1,m,other,history
H5_ATTENDANTS.ENGLISH,m,other,history
H5_Alice,f,other,history
H5_Bardolph,m,other,history
H5_Bedford,m,other,history
H5_BishopOfCanterbury,m,other,history
H5_BishopOfEly,m,other,history
H5_Bourbon,m,other,history
H5_Boy,m,other,history
H5_Brittany,m,other,history
H5_Burgundy,m,other,history
H5_Cambridge,m,other,history
H5_Chorus,m,other,history
H5_Constable,m,other,history
H5_Dauphin,m,antag,history
H5_Erpingham,m,other,history
H5_Exeter,m,other,history
H5_Fluellen,m,other,history
H5_Gloucester,m,other,history
H5_Governor,m,other,history
H5_Gower,m,other,history
H5_Grandpre,m,other,history
H5_Grey,m,other,history
H5_HERALDS.1,m,other,history
H5_HenryV,m,protag,history
H5_Jamy,m,other,history
H5_Katherine,f,other,history
H5_KingOfFrance,m,other,history
H5_MESSENGERS.X.1,m,other,history
H5_MESSENGERS.X.2,m,other,history
H5_MESSENGERS.X.3,m,other,history
H5_MacMorris,m,other,history
H5_MistressQuickly,f,other,history
H5_Montjoy,m,other,history
H5_Nym,m,other,history
H5_Orleans,m,other,history
H5_Pistol,m,other,history
H5_QueenOfFrance,f,other,history
H5_Rambures,m,other,history
H5_SOLDIERS.ENGLISH.Bates,m,other,history
H5_SOLDIERS.ENGLISH.Court,m,other,history
H5_SOLDIERS.ENGLISH.Williams,m,other,history
H5_SOLDIERS.FRENCH.LeFer,m,other,history
H5_Salisbury,m,other,history
H5_Scroop,m,other,history
H5_Warwick,m,other,history
H5_Westmoreland,m,other,history
H5_York,m,other,history
H8_Abergavenny,m,other,history
H8_Anne,f,other,history
H8_BishopOfLincoln,m,other,history
H8_Brandon,m,other,history
H8_Buckingham,m,other,history
H8_Butts,m,other,history
H8_Campeius,m,other,history
H8_Capuchius,m,other,history
H8_Chamberlain,m,other,history
H8_Chancellor,m,other,history
H8_Cranmer,m,other,history
H8_Crier,m,other,history
H8_Cromwell,m,other,history
H8_Denny,m,other,history
H8_Epilogue,m,other,history
H8_GENTLEMEN.1,m,other,history
H8_GENTLEMEN.2,m,other,history
H8_GENTLEMEN.3,m,other,history
H8_GENTLEMEN.X,m,other,history
H8_Gardiner,m,other,history
H8_Garter,m,other,history
H8_Griffith,m,other,history
H8_Guilford,m,other,history
H8_HenryVIII,m,protag,history
H8_Katherine,f,other,history
H8_Keeper,m,other,history
H8_LADIES.KATHERINE.0.1,m,other,history
H8_LADIES.KATHERINE.Patience,f,other,history
H8_Lovell,m,other,history
H8_Messenger,m,other,history
H8_Norfolk,m,other,history
H8_OldLady,f,other,history
H8_Page,m,other,history
H8_Porter,m,other,history
H8_Prologue,m,other,history
H8_SECRETARIES.0.1,m,other,history
H8_SERVANTS.LARDER.1,m,other,history
H8_SERVANTS.PORTER.1,m,other,history
H8_SERVANTS.X.1,m,other,history
H8_Sands,m,other,history
H8_Scribe,m,other,history
H8_Sergeant,m,other,history
H8_Suffolk,m,other,history
H8_Surrey,m,other,history
H8_Surveyor,m,other,history
H8_Usher,m,other,history
H8_Vaux,m,other,history
H8_Wolsey,m,antag,history
Ham_AMBASSADORS,m,other,tragedy
Ham_ATTENDANTS,m,other,tragedy
Ham_ATTENDANTS.0.1,m,other,tragedy
Ham_ATTENDANTS.1,m,other,tragedy
Ham_ATTENDANTS.2,m,other,tragedy
Ham_ATTENDANTS.GUARDS,m,other,tragedy
Ham_Barnardo,m,other,tragedy
Ham_Claudius,m,antag,tragedy
Ham_Cornelius,m,other,tragedy
Ham_Doctor,m,other,tragedy
Ham_FOLLOWERS.LAERTES,m,other,tragedy
Ham_Fortinbras,m,other,tragedy
Ham_Francisco,m,other,tragedy
Ham_Gertrude,f,other,tragedy
Ham_Ghost,m,other,tragedy
Ham_Gravedigger,m,fool,tragedy
Ham_GravediggersCompanion,m,other,tragedy
Ham_Guildenstern,m,other,tragedy
Ham_Hamlet,m,protag,tragedy
Ham_Horatio,m,other,tragedy
Ham_Laertes,m,other,tragedy
Ham_MESSENGERS.1,m,other,tragedy
Ham_MESSENGERS.2,m,other,tragedy
Ham_Marcellus,m,other,tragedy
Ham_Ophelia,f,other,tragedy
Ham_Osric,m,other,tragedy
Ham_PLAYERS.0.1,m,other,tragedy
Ham_PLAYERS.1,m,other,tragedy
Ham_PLAYERS.King,m,other,tragedy
Ham_PLAYERS.Lucianus,m,other,tragedy
Ham_PLAYERS.Prologue,m,other,tragedy
Ham_PLAYERS.Queen,f,other,tragedy
Ham_Polonius,m,other,tragedy
Ham_Reynaldo,m,other,tragedy
Ham_Rosencrantz,m,other,tragedy
Ham_SAILORS.0.1,m,other,tragedy
Ham_SOLDIERS.FORTINBRAS.Captain,m,other,tragedy
Ham_Voltemand,m,other,tragedy
JC_Antony,m,antag,tragedy
JC_Artemidorus,m,other,tragedy
JC_Brutus,m,protag,tragedy
JC_COMMONERS.Carpenter,m,other,tragedy
JC_COMMONERS.Cobbler,m,other,tragedy
JC_Caesar,m,other,tragedy
JC_Calphurnia,f,other,tragedy
JC_Casca,m,other,tragedy
JC_Cassius,m,other,tragedy
JC_Cicero,m,other,tragedy
JC_Cinna,m,other,tragedy
JC_CinnaPoet,m,other,tragedy
JC_Decius,m,other,tragedy
JC_Flavius,m,other,tragedy
JC_Lepidus,m,other,tragedy
JC_Ligarius,m,other,tragedy
JC_Lucius,m,other,tragedy
JC_Marullus,m,other,tragedy
JC_Messenger,m,other,tragedy
JC_Metellus,m,other,tragedy
JC_Octavius,m,other,tragedy
JC_PLEBEIANS,m,fool,tragedy
JC_PLEBEIANS.0.1,m,other,tragedy
JC_PLEBEIANS.0.2,m,other,tragedy
JC_PLEBEIANS.0.3,m,other,tragedy
JC_PLEBEIANS.0.4,m,other,tragedy
JC_Pindarus,m,other,tragedy
JC_Poet,m,other,tragedy
JC_Popilius,m,other,tragedy
JC_Portia,f,other,tragedy
JC_Publius,m,other,tragedy
JC_SERVANTS.ANTONY.1,m,other,tragedy
JC_SERVANTS.CAESAR.1,m,other,tragedy
JC_SERVANTS.OCTAVIUS.1,m,other,tragedy
JC_SOLDIERS.ANTONY.0.1,m,other,tragedy
JC_SOLDIERS.ANTONY.0.2,m,other,tragedy
JC_SOLDIERS.BRUTUS.0.1,m,other,tragedy
JC_SOLDIERS.BRUTUS.0.2,m,other,tragedy
JC_SOLDIERS.BRUTUS.0.3,m,other,tragedy
JC_SOLDIERS.BRUTUS.Cato,m,other,tragedy
JC_SOLDIERS.BRUTUS.Claudius,m,other,tragedy
JC_SOLDIERS.BRUTUS.Clitus,m,other,tragedy
JC_SOLDIERS.BRUTUS.Dardanus,m,other,tragedy
JC_SOLDIERS.BRUTUS.Lucilius,m,other,tragedy
JC_SOLDIERS.BRUTUS.Messala,m,other,tragedy
JC_SOLDIERS.BRUTUS.Strato,m,other,tragedy
JC_SOLDIERS.BRUTUS.Titinius,m,other,tragedy
JC_SOLDIERS.BRUTUS.Varro,m,other,tragedy
JC_SOLDIERS.BRUTUS.Volumnius,m,other,tragedy
JC_Soothsayer,m,other,tragedy
JC_Trebonius,m,other,tragedy
Jn_Arthur,m,other,history
Jn_Austria,m,other,history
Jn_Bastard,m,other,history
Jn_Bigot,m,other,history
Jn_Blanche,f,other,history
Jn_CITIZENS.0.1,m,other,history
Jn_Chatillion,m,other,history
Jn_Constance,f,other,history
Jn_Dauphin,m,other,history
Jn_EXECUTIONERS.0.1,m,other,history
Jn_Essex,m,other,history
Jn_Gurney,m,other,history
Jn_HERALDS.ENGLISH,m,other,history
Jn_HERALDS.FRENCH,m,other,history
Jn_Hubert,m,other,history
Jn_KingJohn,m,protag,history
Jn_KingPhilip,m,antag,history
Jn_LadyFaulconbridge,f,other,history
Jn_MESSENGERS.ENGLISH.1,m,other,history
Jn_MESSENGERS.FRENCH.1,m,other,history
Jn_Melun,m,other,history
Jn_Pandulph,m,other,history
Jn_Pembroke,m,other,history
Jn_Peter,m,other,history
Jn_PrinceHenry,m,other,history
Jn_QueenEleanor,f,other,history
Jn_RobertFaulconbridge,m,other,history
Jn_Salisbury,m,other,history
LLL_Armado,m,other,comedy
LLL_Berowne,m,other,comedy
LLL_Boy,m,other,comedy
LLL_Boyet,m,other,comedy
LLL_Costard,m,fool,comedy
LLL_Dull,m,other,comedy
LLL_Dumaine,m,other,comedy
LLL_Forester,m,other,comedy
LLL_Holofernes,m,other,comedy
LLL_Jaquenetta,f,other,comedy
LLL_Katherine,f,other,comedy
LLL_King,m,protag,comedy
LLL_LORDS.0,m,other,comedy
LLL_Longaville,m,other,comedy
LLL_Marcade,m,other,comedy
LLL_Maria,f,other,comedy
LLL_Nathaniel,m,other,comedy
LLL_Princess,f,antag,comedy
LLL_Rosaline,f,other,comedy
LLL_Spring,m,other,comedy
LLL_Winter,m,other,comedy
Lr_ATTENDANTS.ALBANY,m,other,tragedy
Lr_ATTENDANTS.CORDELIA.1,m,other,tragedy
Lr_ATTENDANTS.LEAR.0.3,m,other,tragedy
Lr_ATTENDANTS.X.1,m,other,tragedy
Lr_ATTENDANTS.X.2,m,other,tragedy
Lr_ATTENDANTS.X.3,m,other,tragedy
Lr_ATTENDANTS.X.4,m,other,tragedy
Lr_Albany,m,other,tragedy
Lr_Burgundy,m,other,tragedy
Lr_Cordelia,f,other,tragedy
Lr_Cornwall,m,other,tragedy
Lr_Curan,m,other,tragedy
Lr_Doctor,m,other,tragedy
Lr_Edgar,m,other,tragedy
Lr_Edmund,m,other,tragedy
Lr_Fool,m,fool,tragedy
Lr_France,m,other,tragedy
Lr_Gloucester,m,other,tragedy
Lr_Goneril,f,antag,tragedy
Lr_Herald,m,other,tragedy
Lr_Kent,m,other,tragedy
Lr_Lear,m,protag,tragedy
Lr_MESSENGERS.X.1,m,other,tragedy
Lr_MESSENGERS.X.2,m,other,tragedy
Lr_MESSENGERS.X.3,m,other,tragedy
Lr_OldMan,m,other,tragedy
Lr_Oswald,m,other,tragedy
Lr_Regan,f,other,tragedy
Lr_SERVANTS.0.1,m,other,tragedy
Lr_SERVANTS.0.2,m,other,tragedy
Lr_SERVANTS.0.3,m,other,tragedy
Lr_SOLDIERS.CAPTAINS.1,m,other,tragedy
Lr_SOLDIERS.CAPTAINS.2,m,other,tragedy
MM_Abhorson,m,other,comedy
MM_Angelo,m,antag,comedy
MM_Barnardine,m,other,comedy
MM_Bawd,m,other,comedy
MM_Boy,m,other,comedy
MM_Claudio,m,other,comedy
MM_Duke,m,protag,comedy
MM_Elbow,m,other,comedy
MM_Escalus,m,other,comedy
MM_FriarPeter,m,other,comedy
MM_FriarThomas,m,other,comedy
MM_Froth,m,other,comedy
MM_GENTLEMEN.1,m,other,comedy
MM_GENTLEMEN.2,m,other,comedy
MM_Isabella,f,other,comedy
MM_Juliet,f,other,comedy
MM_Justice,m,other,comedy
MM_Lucio,m,other,comedy
MM_Mariana,f,other,comedy
MM_Messenger,m,other,comedy
MM_Nun,f,other,comedy
MM_Pompey,m,fool,comedy
MM_Provost,m,other,comedy
MM_SERVANTS.1,m,other,comedy
MND_Bottom,m,fool,comedy
MND_Demetrius,m,other,comedy
MND_Egeus,m,other,comedy
MND_FAIRIES.TITANIA,m,other,comedy
MND_FAIRIES.TITANIA.0.1,m,other,comedy
MND_FAIRIES.TITANIA.0.2,m,other,comedy
MND_FAIRIES.TITANIA.1,m,other,comedy
MND_FAIRIES.TITANIA.Cobweb,m,other,comedy
MND_FAIRIES.TITANIA.Mote,m,other,comedy
MND_FAIRIES.TITANIA.Mustardseed,m,other,comedy
MND_FAIRIES.TITANIA.Peaseblossom,m,other,comedy
MND_Flute,m,other,comedy
MND_Helena,f,other,comedy
MND_Hermia,f,other,comedy
MND_Hippolyta,f,other,comedy
MND_Lysander,m,other,comedy
MND_Oberon,m,other,comedy
MND_Philostrate,m,other,comedy
MND_Quince,m,other,comedy
MND_RobinGoodfellow,m,other,comedy
MND_Snout,m,other,comedy
MND_Snug,m,other,comedy
MND_Starveling,m,other,comedy
MND_Theseus,m,other,comedy
MND_Titania,f,other,comedy
MV_ATTENDANTS.BASSANIO.Leonardo,m,other,comedy
MV_ATTENDANTS.PORTIA.Balthazar,m,other,comedy
MV_ATTENDANTS.PORTIA.Stephano,m,other,comedy
MV_Antonio,m,other,comedy
MV_Arragon,m,other,comedy
MV_Bassanio,m,other,comedy
MV_Duke,m,other,comedy
MV_Gratiano,m,other,comedy
MV_Jessica,f,other,comedy
MV_LanceletGobbo,m,fool,comedy
MV_Lorenzo,m,other,comedy
MV_MUSICIANS,m,other,comedy
MV_Messenger,m,other,comedy
MV_Morocco,m,other,comedy
MV_Nerissa,f,other,comedy
MV_OldGobbo,m,other,comedy
MV_Portia,f,protag,comedy
MV_SERVANTS.1,m,other,comedy
MV_SERVANTS.2,m,other,comedy
MV_Salarino,m,other,comedy
MV_Salerio,m,other,comedy
MV_Shylock,m,antag,comedy
MV_Solanio,m,other,comedy
MV_Tubal,m,other,comedy
Mac_ATTENDANTS,m,other,tragedy
Mac_Angus,m,other,tragedy
Mac_Banquo,m,other,tragedy
Mac_Caithness,m,other,tragedy
Mac_Doctor1,m,other,tragedy
Mac_Doctor2,m,other,tragedy
Mac_Donalbain,m,other,tragedy
Mac_Duncan,m,other,tragedy
Mac_Fleance,m,other,tragedy
Mac_Gentlewoman,m,other,tragedy
Mac_Hecate,f,other,tragedy
Mac_LadyMacbeth,f,other,tragedy
Mac_LadyMacduff,f,other,tragedy
Mac_Lennox,m,other,tragedy
Mac_Lord,m,other,tragedy
Mac_MESSENGERS.1,m,other,tragedy
Mac_MESSENGERS.2,m,other,tragedy
Mac_MESSENGERS.3,m,other,tragedy
Mac_MURDERERS.0.1,m,other,tragedy
Mac_MURDERERS.1,m,other,tragedy
Mac_MURDERERS.2,m,other,tragedy
Mac_MURDERERS.3,m,other,tragedy
Mac_Macbeth,m,protag,tragedy
Mac_Macduff,m,other,tragedy
Mac_MacduffsSon,m,other,tragedy
Mac_Malcolm,m,other,tragedy
Mac_Menteith,m,other,tragedy
Mac_OldMan,m,other,tragedy
Mac_Porter,m,fool,tragedy
Mac_Ross,m,other,tragedy
Mac_SERVANTS.X.2,m,other,tragedy
Mac_SERVANTS.X.3,m,other,tragedy
Mac_SERVANTS.X.4,m,other,tragedy
Mac_SOLDIERS.Captain,m,other,tragedy
Mac_SOLDIERS.MALCOLM,m,other,tragedy
Mac_SOLDIERS.MALCOLM.0.1,m,other,tragedy
Mac_SPIRITS.1,m,other,tragedy
Mac_SPIRITS.2,m,other,tragedy
Mac_SPIRITS.3,m,other,tragedy
Mac_Seyton,m,other,tragedy
Mac_Siward,m,other,tragedy
Mac_WITCHES.1,f,other,tragedy
Mac_WITCHES.2,f,other,tragedy
Mac_WITCHES.3,f,other,tragedy
Mac_YoungSiward,m,other,tragedy
Oth_Bianca,f,other,tragedy
Oth_Brabantio,m,other,tragedy
Oth_Cassio,m,other,tragedy
Oth_Clown,m,fool,tragedy
Oth_Desdemona,f,other,tragedy
Oth_Duke,m,other,tragedy
Oth_Emilia,f,other,tragedy
Oth_GENTLEMEN,m,other,tragedy
Oth_GENTLEMEN.0.1,m,other,tragedy
Oth_GENTLEMEN.1,m,other,tragedy
Oth_GENTLEMEN.2,m,other,tragedy
Oth_GENTLEMEN.3,m,other,tragedy
Oth_Gratiano,m,other,tragedy
Oth_Herald,m,other,tragedy
Oth_Iago,m,antag,tragedy
Oth_Lodovico,m,other,tragedy
Oth_MESSENGERS.X.1,m,other,tragedy
Oth_MESSENGERS.X.2,m,other,tragedy
Oth_MUSICIANS.0.1,m,other,tragedy
Oth_Montano,m,other,tragedy
Oth_OFFICERS,m,other,tragedy
Oth_OFFICERS.0.1,m,other,tragedy
Oth_Othello,m,protag,tragedy
Oth_Roderigo,m,other,tragedy
Oth_SENATORS,m,other,tragedy
Oth_SENATORS.0.1,m,other,tragedy
Oth_SENATORS.0.2,m,other,tragedy
Oth_Sailor,m,other,tragedy
Per_Antiochus,m,antag,comedy
Per_Bawd,f,other,comedy
Per_Bolt,m,other,comedy
Per_CITIZENS.TARSUS,m,other,comedy
Per_Cerimon,m,other,comedy
Per_Cleon,m,other,comedy
Per_Daughter,f,other,comedy
Per_Diana,f,other,comedy
Per_Dionyza,f,other,comedy
Per_FISHERMEN.1,m,other,comedy
Per_FISHERMEN.2,m,other,comedy
Per_FISHERMEN.3,m,other,comedy
Per_GENTLEMEN.EPHESUS.1,m,other,comedy
Per_GENTLEMEN.EPHESUS.2,m,other,comedy
Per_GENTLEMEN.MYTILENE.1,m,other,comedy
Per_GENTLEMEN.MYTILENE.2,m,other,comedy
Per_GENTLEMEN.TYRE.0.1,m,other,comedy
Per_Gower,m,other,comedy
Per_Helicanus,m,other,comedy
Per_KNIGHTS,m,other,comedy
Per_KNIGHTS.0.1,m,other,comedy
Per_KNIGHTS.0.2,m,other,comedy
Per_KNIGHTS.0.3,m,other,comedy
Per_LORDS.MYTILENE.0.1,m,other,comedy
Per_LORDS.PENTAPOLIS.0.1,m,other,comedy
Per_LORDS.PENTAPOLIS.0.2,m,other,comedy
Per_LORDS.PENTAPOLIS.0.3,m,other,comedy
Per_LORDS.TARSUS.1,m,other,comedy
Per_LORDS.TYRE,m,other,comedy
Per_LORDS.TYRE.0.1,m,other,comedy
Per_LORDS.TYRE.0.2,m,other,comedy
Per_LORDS.TYRE.0.3,m,other,comedy
Per_LORDS.TYRE.Escanes,m,other,comedy
Per_Leonine,m,other,comedy
Per_Lychorida,m,other,comedy
Per_Lysimachus,m,other,comedy
Per_MESSENGERS.ANTIOCH.1,m,other,comedy
Per_Marina,f,other,comedy
Per_Marshal,m,other,comedy
Per_PIRATES.0.1,m,other,comedy
Per_PIRATES.0.2,m,other,comedy
Per_PIRATES.0.3,m,other,comedy
Per_Pander,m,other,comedy
Per_Pericles,m,protag,comedy
Per_Philemon,m,other,comedy
Per_SAILORS.1,m,other,comedy
Per_SAILORS.2,m,other,comedy
Per_SAILORS.MYTILENE.1,m,other,comedy
Per_SAILORS.TYRE.1,m,other,comedy
Per_SERVANTS.CERIMON.0.1,m,other,comedy
Per_SUPPLIANTS.1,m,other,comedy
Per_Simonides,m,other,comedy
Per_Thaisa,f,other,comedy
Per_Thaliard,m,other,comedy
R2_AbbotOfWestminster,m,other,history
R2_Aumerle,m,other,history
R2_Bagot,m,other,history
R2_Berkeley,m,other,history
R2_BishopOfCarlisle,m,other,history
R2_Bushy,m,other,history
R2_DuchessOfGloucester,f,other,history
R2_DuchessOfYork,m,other,history
R2_Exton,m,other,history
R2_Fitzwater,m,other,history
R2_Gardener,m,other,history
R2_Gaunt,m,other,history
R2_Green,m,other,history
R2_Groom,m,other,history
R2_HERALDS.1,m,other,history
R2_HERALDS.2,m,other,history
R2_HenryIV,m,antag,history
R2_Hotspur,m,other,history
R2_Jailer,m,other,history
R2_LADIES.0.1,f,other,history
R2_LORDS.1,m,other,history
R2_LordMarshal,m,other,history
R2_Mowbray,m,other,history
R2_Northumberland,m,other,history
R2_Queen,f,other,history
R2_RichardII,m,protag,history
R2_Ross,m,other,history
R2_SERVANTS.EXTON.0.1,m,other,history
R2_SERVANTS.GARDENER.1,m,other,history
R2_SERVANTS.YORK.1,m,other,history
R2_Salisbury,m,other,history
R2_Scroop,m,other,history
R2_Surrey,m,other,history
R2_WelshCaptain,m,other,history
R2_Willoughby,m,other,history
R2_York,m,other,history
R3_ATTENDANTS.0.1,m,other,history
R3_ATTENDANTS.RICHMOND,m,other,history
R3_ATTENDANTS.RICHMOND.0.1,m,other,history
R3_Archbishop,m,other,history
R3_BISHOPS,m,other,history
R3_BishopOfEly,m,other,history
R3_Blunt,m,other,history
R3_Brakenbury,m,other,history
R3_Buckingham,m,other,history
R3_CITIZENS,m,other,history
R3_CITIZENS.1,m,other,history
R3_CITIZENS.2,m,other,history
R3_CITIZENS.3,m,other,history
R3_Cardinal,m,other,history
R3_Catesby,m,other,history
R3_Clarence,m,other,history
R3_ClarencesBoy,m,other,history
R3_ClarencesDaughter,f,other,history
R3_Dorset,m,other,history
R3_DuchessOfYork,m,other,history
R3_EdwardIV,m,other,history
R3_EdwardV,m,other,history
R3_GENTLEMEN.0.1,m,other,history
R3_Grey,m,other,history
R3_Hastings,m,other,history
R3_HenryVI,m,other,history
R3_HenryVII,m,other,history
R3_Herbert,m,other,history
R3_Jailer,m,other,history
R3_LadyAnne,f,other,history
R3_Lovell,m,other,history
R3_MESSENGERS.1,m,other,history
R3_MESSENGERS.2,m,other,history
R3_MESSENGERS.3,m,other,history
R3_MESSENGERS.4,m,other,history
R3_MESSENGERS.X.1,m,other,history
R3_MESSENGERS.X.2,m,other,history
R3_MESSENGERS.X.3,m,other,history
R3_MURDERERS.1,m,other,history
R3_MURDERERS.2,m,other,history
R3_MayorOfLondon,m,other,history
R3_Norfolk,m,other,history
R3_Oxford,m,other,history
R3_PrinceEdward,m,other,history
R3_Pursuivant,m,other,history
R3_QueenElizabeth,f,other,history
R3_QueenMargaret,f,other,history
R3_Ratcliffe,m,other,history
R3_RichardIII,m,protag,history
R3_Rivers,m,other,history
R3_Scrivener,m,other,history
R3_Sheriff,m,other,history
R3_SirChristopher,m,other,history
R3_SirJohn,m,other,history
R3_Stanley,m,other,history
R3_Surrey,m,other,history
R3_Tyrrel,m,other,history
R3_Vaughan,m,other,history
R3_York,m,other,history
Rom_Apothecary,m,other,tragedy
Rom_Benvolio,m,other,tragedy
Rom_CITIZENS,m,other,tragedy
Rom_CITIZENS.0.1,m,other,tragedy
Rom_Capulet,m,other,tragedy
Rom_Chorus,m,other,tragedy
Rom_Cousin,m,other,tragedy
Rom_FriarJohn,m,other,tragedy
Rom_FriarLawrence,m,other,tragedy
Rom_Juliet,f,other,tragedy
Rom_LadyCapulet,f,other,tragedy
Rom_LadyMontague,f,other,tragedy
Rom_MUSICIANS.0.1,m,other,tragedy
Rom_MUSICIANS.0.2,m,other,tragedy
Rom_MUSICIANS.0.3,m,other,tragedy
Rom_Mercutio,m,other,tragedy
Rom_Montague,m,other,tragedy
Rom_Nurse,f,other,tragedy
Rom_Paris,m,other,tragedy
Rom_Petruchio,m,other,tragedy
Rom_PrinceEscalus,m,other,tragedy
Rom_Romeo,m,protag,tragedy
Rom_SERVANTS.CAPULET.0,m,other,tragedy
Rom_SERVANTS.CAPULET.0.1,m,other,tragedy
Rom_SERVANTS.CAPULET.0.2,m,other,tragedy
Rom_SERVANTS.CAPULET.0.3,m,other,tragedy
Rom_SERVANTS.CAPULET.Gregory,m,other,tragedy
Rom_SERVANTS.CAPULET.Peter,m,other,tragedy
Rom_SERVANTS.CAPULET.Sampson,m,other,tragedy
Rom_SERVANTS.CAPULET.X.1,m,other,tragedy
Rom_SERVANTS.CAPULET.X.2,m,other,tragedy
Rom_SERVANTS.MONTAGUE.Abram,m,other,tragedy
Rom_SERVANTS.MONTAGUE.Balthasar,m,other,tragedy
Rom_SERVANTS.PARIS.1,m,other,tragedy
Rom_Tybalt,m,antag,tragedy
Rom_WATCHMEN.0.1,m,other,tragedy
Rom_WATCHMEN.0.2,m,other,tragedy
Rom_WATCHMEN.0.3,m,other,tragedy
Shr_Baptista,m,other,comedy
Shr_Bianca,f,other,comedy
Shr_Biondello,m,other,comedy
Shr_Curtis,m,other,comedy
Shr_Gremio,m,other,comedy
Shr_Grumio,m,fool,comedy
Shr_HUNTSMEN.0.1,m,other,comedy
Shr_HUNTSMEN.0.2,m,other,comedy
Shr_HUNTSMEN.0.3,m,other,comedy
Shr_Haberdasher,m,other,comedy
Shr_Hortensio,m,other,comedy
Shr_Hostess,f,other,comedy
Shr_Katherine,f,other,comedy
Shr_Lord,m,other,comedy
Shr_Lucentio,m,other,comedy
Shr_Merchant,m,other,comedy
Shr_Messenger,m,other,comedy
Shr_PLAYERS,m,other,comedy
Shr_PLAYERS.0.1,m,other,comedy
Shr_PLAYERS.0.2,m,other,comedy
Shr_Page,m,other,comedy
Shr_Petruchio,m,protag,comedy
Shr_SERVANTS.BAPTISTA.1,m,other,comedy
Shr_SERVANTS.LORD,m,other,comedy
Shr_SERVANTS.LORD.0.1,m,other,comedy
Shr_SERVANTS.LORD.0.2,m,other,comedy
Shr_SERVANTS.LORD.0.3,m,other,comedy
Shr_SERVANTS.PETRUCHIO.0.4,m,other,comedy
Shr_SERVANTS.PETRUCHIO.Joseph,m,other,comedy
Shr_SERVANTS.PETRUCHIO.Nathaniel,m,other,comedy
Shr_SERVANTS.PETRUCHIO.Nicholas,m,other,comedy
Shr_SERVANTS.PETRUCHIO.Peter,m,other,comedy
Shr_SERVANTS.PETRUCHIO.Phillip,m,other,comedy
Shr_Sly,m,other,comedy
Shr_Tailor,m,other,comedy
Shr_Tranio,m,other,comedy
Shr_Vincentio,m,other,comedy
Shr_Widow,f,other,comedy
TGV_Antonio,m,other,comedy
TGV_Duke,m,other,comedy
TGV_Eglamour,m,other,comedy
TGV_Host,m,other,comedy
TGV_Julia,f,other,comedy
TGV_Lance,m,fool,comedy
TGV_Lucetta,f,other,comedy
TGV_OUTLAWS.1,m,other,comedy
TGV_OUTLAWS.2,m,other,comedy
TGV_OUTLAWS.3,m,other,comedy
TGV_Pantino,m,other,comedy
TGV_Proteus,m,antag,comedy
TGV_SERVANTS.1,m,other,comedy
TGV_Speed,m,fool,comedy
TGV_Sylvia,m,other,comedy
TGV_Thurio,m,other,comedy
TGV_Valentine,m,protag,comedy
TNK_ATTENDANTS.1,m,other,comedy
TNK_Arcite,m,other,comedy
TNK_Boy,m,other,comedy
TNK_Brother,m,other,comedy
TNK_COUNTRYMEN.0.1,m,other,comedy
TNK_COUNTRYMEN.0.2,m,other,comedy
TNK_COUNTRYMEN.0.3,m,other,comedy
TNK_COUNTRYMEN.0.4,m,other,comedy
TNK_COUNTRYMEN.0.5,m,other,comedy
TNK_COUNTRYWOMEN.0.1,f,other,comedy
TNK_Daughter,f,other,comedy
TNK_Doctor,m,other,comedy
TNK_Emilia,f,other,comedy
TNK_Epilogue,m,other,comedy
TNK_FRIENDS.1,m,other,comedy
TNK_FRIENDS.2,m,other,comedy
TNK_Herald,m,other,comedy
TNK_Hippolyta,f,other,comedy
TNK_Jailer,m,other,comedy
TNK_KNIGHTS.PALAMON,m,other,comedy
TNK_KNIGHTS.PALAMON.0.1,m,other,comedy
TNK_KNIGHTS.PALAMON.0.2,m,other,comedy
TNK_KNIGHTS.PALAMON.0.3,m,other,comedy
TNK_MESSENGERS.X.1,m,other,comedy
TNK_MESSENGERS.X.2,m,other,comedy
TNK_MESSENGERS.X.3,m,other,comedy
TNK_OTHERS,m,other,comedy
TNK_Palamon,m,other,comedy
TNK_Pirithous,m,other,comedy
TNK_Prologue,m,other,comedy
TNK_QUEENS.1,f,other,comedy
TNK_QUEENS.2,f,other,comedy
TNK_QUEENS.3,f,other,comedy
TNK_Schoolmaster,m,other,comedy
TNK_Servant,m,other,comedy
TNK_Taborer,m,other,comedy
TNK_Theseus,m,protag,comedy
TNK_Valerius,m,other,comedy
TNK_Woman,f,other,comedy
TNK_Wooer,m,other,comedy
TN_ATTENDANTS.OLIVIA.1,m,other,comedy
TN_ATTENDANTS.ORSINO.Curio,m,other,comedy
TN_ATTENDANTS.ORSINO.Valentine,m,other,comedy
TN_AndrewAguecheek,m,other,comedy
TN_Antonio,m,other,comedy
TN_Captain,m,other,comedy
TN_Fabian,m,other,comedy
TN_Feste,m,fool,comedy
TN_Malvolio,m,antag,comedy
TN_Maria,f,other,comedy
TN_OFFICERS.1,m,other,comedy
TN_OFFICERS.2,m,other,comedy
TN_Olivia,f,other,comedy
TN_Orsino,m,other,comedy
TN_Priest,m,other,comedy
TN_Sebastian,m,other,comedy
TN_TobyBelch,m,other,comedy
TN_Viola,f,protag,comedy
Tim_ATTENDANTS.TIMON.0.1,m,other,tragedy
Tim_Alcibiades,m,other,tragedy
Tim_Apemantus,m,other,tragedy
Tim_BANDITS.1,m,other,tragedy
Tim_BANDITS.2,m,other,tragedy
Tim_BANDITS.3,m,other,tragedy
Tim_Cupid,m,other,tragedy
Tim_FRIENDS.0,m,other,tragedy
Tim_FRIENDS.0.1,m,other,tragedy
Tim_FRIENDS.0.2,m,other,tragedy
Tim_FRIENDS.0.3,m,other,tragedy
Tim_FRIENDS.0.4,m,other,tragedy
Tim_FRIENDS.Lucius,m,other,tragedy
Tim_FRIENDS.Lucullus,m,other,tragedy
Tim_FRIENDS.Sempronius,m,other,tragedy
Tim_FRIENDS.Ventidius,m,other,tragedy
Tim_Flavius,m,other,tragedy
Tim_Fool,m,fool,tragedy
Tim_Jeweler,m,other,tragedy
Tim_LADIES,f,other,tragedy
Tim_LADIES.0.1,f,other,tragedy
Tim_LORDS,m,other,tragedy
Tim_LORDS.0.1,m,other,tragedy
Tim_LORDS.0.2,m,other,tragedy
Tim_LORDS.0.3,m,other,tragedy
Tim_MESSENGERS.X.1,m,other,tragedy
Tim_MESSENGERS.X.2,m,other,tragedy
Tim_MESSENGERS.X.3,m,other,tragedy
Tim_Merchant,m,other,tragedy
Tim_OldMan,m,other,tragedy
Tim_Painter,m,other,tragedy
Tim_Phrynia,f,other,tragedy
Tim_Poet,m,other,tragedy
Tim_SENATORS.0.1,m,other,tragedy
Tim_SENATORS.0.2,m,other,tragedy
Tim_SENATORS.0.3,m,other,tragedy
Tim_SENATORS.1,m,other,tragedy
Tim_SENATORS.2,m,other,tragedy
Tim_SENATORS.3,m,other,tragedy
Tim_SENATORS.4,m,other,tragedy
Tim_SENATORS.X,m,other,tragedy
Tim_SERVANTS.Caphis,m,other,tragedy
Tim_SERVANTS.Hortensius,m,other,tragedy
Tim_SERVANTS.ISIDORE.1,m,other,tragedy
Tim_SERVANTS.LUCIUS.1,m,other,tragedy
Tim_SERVANTS.LUCULLUS.1,m,other,tragedy
Tim_SERVANTS.Page,m,other,tragedy
Tim_SERVANTS.Philotus,m,other,tragedy
Tim_SERVANTS.TIMON.0.1,m,other,tragedy
Tim_SERVANTS.TIMON.0.2,m,other,tragedy
Tim_SERVANTS.TIMON.0.3,m,other,tragedy
Tim_SERVANTS.TIMON.1,m,other,tragedy
Tim_SERVANTS.TIMON.2,m,other,tragedy
Tim_SERVANTS.TIMON.3,m,other,tragedy
Tim_SERVANTS.TIMON.Flaminius,m,other,tragedy
Tim_SERVANTS.TIMON.Lucilius,m,other,tragedy
Tim_SERVANTS.TIMON.Servilius,m,other,tragedy
Tim_SERVANTS.TIMON.X.1,m,other,tragedy
Tim_SERVANTS.TIMON.X.2,m,other,tragedy
Tim_SERVANTS.Titus,m,other,tragedy
Tim_SERVANTS.VARRO.1,m,other,tragedy
Tim_SERVANTS.VARRO.2,m,other,tragedy
Tim_SOLDIERS.1,m,other,tragedy
Tim_STRANGERS.1,m,other,tragedy
Tim_STRANGERS.2,m,other,tragedy
Tim_STRANGERS.3,m,other,tragedy
Tim_Timandra,f,other,tragedy
Tim_Timon,m,protag,tragedy
Tit_ATTENDANTS,m,other,tragedy
Tit_Aaron,m,antag,tragedy
Tit_Aemilius,m,other,tragedy
Tit_Bassianus,m,other,tragedy
Tit_Captain,m,other,tragedy
Tit_Chiron,m,other,tragedy
Tit_CountryFellow,m,fool,tragedy
Tit_Demetrius,m,other,tragedy
Tit_GOTHS,m,other,tragedy
Tit_GOTHS.0,m,other,tragedy
Tit_GOTHS.0.1,m,other,tragedy
Tit_GOTHS.0.2,m,other,tragedy
Tit_Lavinia,f,other,tragedy
Tit_Lucius,m,other,tragedy
Tit_Marcus,m,other,tragedy
Tit_Martius,m,other,tragedy
Tit_Messenger,m,other,tragedy
Tit_Mutius,m,other,tragedy
Tit_Nurse,f,other,tragedy
Tit_Publius,m,other,tragedy
Tit_Quintus,m,other,tragedy
Tit_Saturninus,m,other,tragedy
Tit_TRIBUNES,m,other,tragedy
Tit_TRIBUNES.0.1,m,other,tragedy
Tit_Tamora,f,other,tragedy
Tit_Titus,m,protag,tragedy
Tit_YoungLucius,m,other,tragedy
Tmp_Adrian,m,other,comedy
Tmp_Alonso,m,other,comedy
Tmp_Antonio,m,antag,comedy
Tmp_Ariel,m,other,comedy
Tmp_Boatswain,m,other,comedy
Tmp_Caliban,m,other,comedy
Tmp_Ferdinand,m,other,comedy
Tmp_Francisco,m,other,comedy
Tmp_Gonzalo,m,other,comedy
Tmp_Miranda,f,other,comedy
Tmp_Prospero,m,protag,comedy
Tmp_SAILORS,m,other,comedy
Tmp_SPIRITS.Ceres,f,other,comedy
Tmp_SPIRITS.Iris,f,other,comedy
Tmp_SPIRITS.Juno,f,other,comedy
Tmp_Sebastian,m,other,comedy
Tmp_Shipmaster,m,other,comedy
Tmp_Stephano,m,other,comedy
Tmp_Trinculo,m,other,comedy
Tro_ATTENDANTS.GREEK,m,other,tragedy
Tro_Achilles,m,other,tragedy
Tro_Aeneas,m,other,tragedy
Tro_Agamemnon,m,other,tragedy
Tro_Ajax,m,other,tragedy
Tro_Alexander,m,other,tragedy
Tro_Andromache,f,other,tragedy
Tro_Antenor,m,other,tragedy
Tro_Bastard,m,other,tragedy
Tro_Boy,m,other,tragedy
Tro_Calchas,m,other,tragedy
Tro_Cassandra,f,other,tragedy
Tro_Cressida,f,other,tragedy
Tro_Deiphobus,m,other,tragedy
Tro_Diomedes,m,other,tragedy
Tro_Hector,m,other,tragedy
Tro_Helen,f,other,tragedy
Tro_Helenus,f,other,tragedy
Tro_MYRMIDONS.0.1,m,other,tragedy
Tro_Menelaus,m,other,tragedy
Tro_Nestor,m,other,tragedy
Tro_Pandarus,m,other,tragedy
Tro_Paris,m,other,tragedy
Tro_Patroclus,m,other,tragedy
Tro_Priam,m,other,tragedy
Tro_Prologue,m,other,tragedy
Tro_SERVANTS.DIOMEDES.1,m,other,tragedy
Tro_SERVANTS.PARIS.1,m,other,tragedy
Tro_SERVANTS.TROILUS.1,m,other,tragedy
Tro_SOLDIERS,m,other,tragedy
Tro_SOLDIERS.TROJAN,m,other,tragedy
Tro_Thersites,m,fool,tragedy
Tro_Troilus,m,protag,tragedy
Tro_Ulysses,m,other,tragedy
WT_ATTENDANTS,m,other,comedy
WT_ATTENDANTS.0.1,m,other,comedy
WT_ATTENDANTS.1,m,other,comedy
WT_ATTENDANTS.2,m,other,comedy
WT_ATTENDANTS.3,m,other,comedy
WT_ATTENDANTS.X,m,other,comedy
WT_Antigonus,m,other,comedy
WT_Archidamus,m,other,comedy
WT_Autolycus,m,fool,comedy
WT_Camillo,m,other,comedy
WT_Chorus,m,other,comedy
WT_Cleomenes,m,other,comedy
WT_Dion,m,other,comedy
WT_Dorcas,f,other,comedy
WT_Florizell,m,other,comedy
WT_Hermione,f,other,comedy
WT_Jailer,m,other,comedy
WT_LADIES.0.1,f,other,comedy
WT_LADIES.0.2,f,other,comedy
WT_LADIES.Emilia,m,other,comedy
WT_Leontes,m,protag,comedy
WT_Mamillius,m,other,comedy
WT_Mopsa,f,other,comedy
WT_OFFICERS.0.1,m,other,comedy
WT_Paulina,f,other,comedy
WT_Perdita,f,other,comedy
WT_Polixenes,m,antag,comedy
WT_SERVANTS.0,m,other,comedy
WT_SERVANTS.SHEPHERD.1,m,other,comedy
WT_SERVANTS.X.1,m,other,comedy
WT_SERVANTS.X.2,m,other,comedy
WT_SERVANTS.X.3,m,other,comedy
WT_Sailor,m,other,comedy
WT_Shepherd,m,other,comedy
WT_ShepherdsSon,m,other,comedy
Wiv_AnnePage,f,other,comedy
Wiv_BOYS,m,other,comedy
Wiv_Bardolph,m,other,comedy
Wiv_DoctorCaius,m,other,comedy
Wiv_Falstaff,m,antag,comedy
Wiv_Fenton,m,other,comedy
Wiv_Host,m,other,comedy
Wiv_HughEvans,m,other,comedy
Wiv_John,m,other,comedy
Wiv_MasterFord,m,other,comedy
Wiv_MasterPage,m,other,comedy
Wiv_MistressFord,f,other,comedy
Wiv_MistressPage,f,protag,comedy
Wiv_MistressQuickly,f,other,comedy
Wiv_Nym,m,other,comedy
Wiv_Pistol,m,other,comedy
Wiv_Robert,m,other,comedy
Wiv_Robin,m,other,comedy
Wiv_Rugby,m,other,comedy
Wiv_Shallow,m,other,comedy
Wiv_Simple,m,other,comedy
Wiv_Slender,m,other,comedy
Wiv_WilliamPage,m,other,comedy
